pass,law_id,dv_year,dv_number,id_mat,section,title,title_kind,resolver_score,resolver_flags,act_promulgated,reason
title,grazhdanski-protsesualen-kodeks,2003,84,117533,Народно събрание,Закон за изменение и допълнение на Гражданския процесуален кодекс,amending,1.000,,2007-07-20,before_promulgation
title,izboren-kodeks,2011,9,43535,Народно събрание,Изборен кодекс,promulgation,1.000,,2014-03-05,before_promulgation
title,izboren-kodeks,2011,45,51766,Народно събрание,Закон за изменение и допълнение на Изборния кодекс,amending,1.000,,2014-03-05,before_promulgation
title,izboren-kodeks,2013,17,73360,Народно събрание,Закон за изменение и допълнение на Изборния кодекс,amending,1.000,,2014-03-05,before_promulgation
title,kodeks-za-povedenie-na-sluzhitelite-v-darzhavnata-administratsiya,2004,53,20051,Министерски съвет,Постановление № 126 от 11 юни 2004 г. за приемане на Кодекс за поведение на служителите в държавната администрация,adopting,1.000,,2020-04-07,before_promulgation
title,kodeks-za-zastrahovaneto,2005,103,1172,Народно събрание,Кодекс за застраховането,promulgation,1.000,,2015-12-29,before_promulgation
title,kodeks-za-zastrahovaneto,2006,54,2142,Народно събрание,Закон за изменение и допълнение на Кодекса за застраховането,amending,1.000,,2015-12-29,before_promulgation
title,kodeks-za-zastrahovaneto,2007,48,3803,Народно събрание,Закон за изменение и допълнение на Кодекса за застраховането,amending,1.000,,2015-12-29,before_promulgation
title,kodeks-za-zastrahovaneto,2007,97,4440,Народно събрание,Закон за изменение и допълнение на Кодекса за застраховането,amending,1.000,,2015-12-29,before_promulgation
title,kodeks-za-zastrahovaneto,2010,41,33232,Народно събрание,Закон за изменение и допълнение на Кодекса за застраховането,amending,1.000,,2015-12-29,before_promulgation
title,kodeks-za-zastrahovaneto,2011,51,53518,Народно събрание,Закон за допълнение на Кодекса за застраховането,amending,1.000,,2015-12-29,before_promulgation
title,kodeks-za-zastrahovaneto,2013,20,73630,Народно събрание,Закон за изменение и допълнение на Кодекса за застраховането,amending,1.000,,2015-12-29,before_promulgation
title,nakazatelno-protsesualen-kodeks,2003,50,106213,Народно събрание,Закон за изменение и допълнение на Наказателно-процесуалния кодекс,amending,1.000,,2005-10-28,before_promulgation
title,nakazatelno-protsesualen-kodeks,2003,57,108252,Народно събрание,Закон за изменение и допълнение на Наказателно-процесуалния кодекс,amending,1.000,,2005-10-28,before_promulgation
title,nakazatelno-protsesualen-kodeks,2004,89,18496,Народно събрание,Закон за изменение и допълнение на Наказателно-процесуалния кодекс,amending,1.000,,2005-10-28,before_promulgation
title,naredba-za-antidopingovata-deynost,2019,47,138553,Министерски съвет,Постановление № 147 от 12 юни 2019 г. за приемане на Наредба за антидопинговата дейност,adopting,1.000,,2021-01-22,before_promulgation
title,naredba-za-avariyno-planirane-i-avariyna-gotovnost-pri-yadrena-i-radiatsionna-av,2004,71,19190,Министерски съвет,Постановление № 189 от 30 юли 2004 г. за приемане на Наредба за аварийно планиране и аварийна готовност при ядрена и радиационна авария,adopting,1.000,,2011-11-29,before_promulgation
title,naredba-za-bezopasnata-eksploatatsiya-i-tehnicheskiya-nadzor-na-povdigatelni-sao,2006,60,2257,Министерски съвет,Постановление № 174 от 14 юли 2006 г. за приемане на Наредба за безопасната експлоатация и техническия надзор на повдигателни съоръжения,adopting,1.000,,2010-09-17,before_promulgation
title,naredba-za-bezopasnata-eksploatatsiya-i-tehnicheskiya-nadzor-na-povdigatelni-sao,2009,25,17885,Министерски съвет,"Постановление № 66 от 20 март 2009 г. за изменение и допълнение на Наредбата за безопасната експлоатация и техническия надзор на повдигателни съоръжения, приета с Постановление № 174 на Министерския съвет от 2006 г.",amending,1.000,,2010-09-17,before_promulgation
title,naredba-za-bezopasnost-pri-upravlenie-na-radioaktivnite-otpadatsi,2004,72,19184,Министерски съвет,Постановление № 198 от 3 август 2004 г. за приемане на Наредба за безопасност при управление на радиоактивните отпадъци,adopting,1.000,,2013-08-30,before_promulgation
title,naredba-za-darzhavnite-iziskvaniya-za-organizirane-na-distantsionna-forma-na-obu,2004,99,18430,Министерски съвет,Постановление № 292 от 2 ноември 2004 г. за приемане на Наредба за държавните изисквания за организиране на дистанционна форма на обучение във висшите училища,adopting,1.000,,2021-03-12,before_promulgation
title,naredba-za-deynostta-po-organiziraneto-i-osashtestvyavaneto-na-elektronnite-komu,2009,57,23556,Министерски съвет,"Постановление № 179 от 15 юли 2009 г. за приемане на Наредба за дейността по организирането и осъществяването на електронните комуникации и криптографската сигурност на служебната кореспонденция, обменяна по електронни комуникационни канали между организационните единици в Република България и задграничните й представителства",adopting,0.934,,2020-04-24,before_promulgation
title,naredba-za-dopalnitelnite-merki-svarzani-s-prilaganeto-na-reglamenti-prieti-sagl,2013,43,75751,Министерски съвет,"Постановление № 105 от 7 май 2013 г. за допълнение на Наредбата за допълнителните мерки, свързани с прилагането на регламенти, приети съгласно чл. 15 от Директива 2009/125/ЕО на Европейския парламент и на Съвета от 21 октомври 2009 г. за създаване на рамка за определяне на изискванията за екодизайн към продуктите, свързани с енергопотреблението, приета с Постановление № 101 на Министерския съвет от 2010 г.",amending,1.000,,2015-02-20,before_promulgation
title,naredba-za-dopalnitelnite-merki-svarzani-s-prilaganeto-na-reglamenti-prieti-sagl,2013,105,80871,Министерски съвет,"Постановление № 271 от 29 ноември 2013 г. за допълнение на Наредбата за допълнителните мерки, свързани с прилагането на регламенти, приети съгласно чл. 15 от Директива 2009/125/ЕО на Европейския парламент и на Съвета от 21 октомври 2009 г. за създаване на рамка за определяне на изискванията за екодизайн към продуктите, свързани с енергопотреблението, приета с Постановление № 101 на Министерския съвет от 2010 г.",amending,1.000,,2015-02-20,before_promulgation
title,naredba-za-edinnite-darzhavni-iziskvaniya-za-pridobivane-na-visshe-obrazovanie-p-7,2005,69,767,Министерски съвет,"Постановление № 190 от 16 август 2005 г. за изменение на Наредбата за единните държавни изисквания за придобиване на висше образование по специалността “Право” и професионална квалификация “юрист”, приета с Постановление № 75 на Министерския съвет от 1996 г.",amending,1.000,,2022-07-15,before_promulgation
title,naredba-za-edinnite-darzhavni-iziskvaniya-za-pridobivane-na-visshe-obrazovanie-p-7,2017,35,114002,Министерски съвет,Постановление № 82 от 26 април 2017 г. за приемане на Наредба за единните държавни изисквания за придобиване на висше образование по специалността „Право“ и професионална квалификация „юрист“,adopting,1.000,,2022-07-15,before_promulgation
title,naredba-za-edinnite-darzhavni-iziskvaniya-za-pridobivane-na-visshe-obrazovanie-p-7,2018,41,126420,Министерски съвет,"Постановление № 74 от 10 май 2018 г. за изменение на Наредбата за единните държавни изисквания за придобиване на вис­ше образование по специалността „Право“ и професионална квалификация „юрист“, приета с Постановление № 82 на Министерския съвет от 2017 г.",amending,1.000,,2022-07-15,before_promulgation
title,naredba-za-edinnite-darzhavni-iziskvaniya-za-pridobivane-na-visshe-obrazovanie-p-7,2019,46,138428,Министерски съвет,"Постановление № 138 от 6 юни 2019 г. за изменение на Наредбата за единните държавни изисквания за придобиване на висше образование по специалността „Право“ и професионална квалификация „юрист“, приета с Постановление № 82 на Министерския съвет от 2017 г.",amending,1.000,,2022-07-15,before_promulgation
title,naredba-za-edinnite-darzhavni-iziskvaniya-za-pridobivane-na-visshe-obrazovanie-p-7,2021,18,156310,Министерски съвет,"Постановление № 62 от 25 февруари 2021 г. за допълнение на Наредбата за единните държавни изисквания за придобиване на висше образование по специалността „Право“ и професионална квалификация „юрист“, приета с Постановление № 75 на Министерския съвет от 1996 г.",amending,1.000,,2022-07-15,before_promulgation
title,naredba-za-edinnite-darzhavni-iziskvaniya-za-pridobivane-na-visshe-obrazovanie-p-7,2022,39,173585,Министерски съвет,"Постановление № 92 от 20 май 2022 г. за изменение на Наредбата за единните държавни изисквания за придобиване на висше образование по специалността „Право“ и професионална квалификация „юрист“, приета с Постановление № 75 на Министерския съвет от 1996 г.",amending,1.000,,2022-07-15,before_promulgation
title,naredba-za-iziskvaniyata-kam-barzo-zamrazenite-hrani,2006,20,1514,Министерски съвет,"Постановление № 39 от 27 февруари 2006 г. за изменение на Наредбата за изискванията към бързо замразените храни, приета с Постановление № 273 на Министерския съвет от 2002 г.",amending,1.000,,2021-03-30,before_promulgation
title,naredba-za-iziskvaniyata-kam-barzo-zamrazenite-hrani,2007,39,3647,Министерски съвет,"Постановление № 102 от 4 май 2007 г. за изменение и допълнение на Наредбата за изискванията към бързо замразените храни, приета с Постановление № 273 на Министерския съвет от 2002 г.",amending,1.000,,2021-03-30,before_promulgation
title,naredba-za-iziskvaniyata-kam-ekstraktite-ot-kafe-i-tsikoriya,2003,102,123254,Министерски съвет,Постановление № 265 от 12 ноември 2003 г. за приемане на Наредба за изискванията към екстрактите от кафе и цикория,adopting,1.000,,2021-09-21,before_promulgation
title,naredba-za-iziskvaniyata-kam-nyakoi-chastichno-ili-napalno-dehidratirani-mleka-p,2004,8,22210,Министерски съвет,"Постановление № 10 от 19 януари 2004 г. за приемане на Наредба за изискванията към някои частично или напълно дехидратирани млека, предназначени за консумация от човека",adopting,1.000,,2021-04-27,before_promulgation
title,naredba-za-iziskvaniyata-kam-nyakoi-chastichno-ili-napalno-dehidratirani-mleka-p,2007,89,4380,Министерски съвет,"Постановление № 262 от 29 октомври 2007 г. за изменение и допълнение на Наредбата за изискванията към някои частично или напълно дехидратирани млека, предназначени за консумация от човека, приета с Постановление № 10 на Министерския съвет от 2004 г.",amending,1.000,,2021-04-27,before_promulgation
title,naredba-za-iziskvaniyata-kam-nyakoi-chastichno-ili-napalno-dehidratirani-mleka-p,2008,54,5333,Министерски съвет,"Постановление № 126 от 3 юни 2008 г. за изменение и допълнение на Наредбата за изискванията към някои частично или напълно дехидратирани млека, предназначени за консумация от човека, приета с Постановление № 10 на Министерския съвет от 2004 г.",amending,1.000,,2021-04-27,before_promulgation
title,naredba-za-iziskvaniyata-kam-pchelniya-med-prednaznachen-za-konsumatsiya-ot-chov,2015,39,94733,Министерски съвет,"Постановление № 127 от 21 май 2015 г. за изменение и допълнение на Наредбата за изискванията към пчелния мед, предназначен за консумация от човека, приета с Постановление № 196 на Министерския съвет от 2002 г.",amending,1.000,,2023-01-13,before_promulgation
title,naredba-za-iziskvaniyata-kam-plodovite-konfityuri-zheleta-marmaladi-zhele-marmal,2003,19,101669,Министерски съвет,"Постановление № 45 от 21 февруари 2003 г. за приемане на Наредба за изискванията към плодовите конфитюри, желета, мармалади, желе-мармалади и подсладено пюре от кестени",adopting,1.000,,2025-04-25,before_promulgation
title,naredba-za-iziskvaniyata-kam-sokovete-ot-plodove-i-nyakoi-shodni-produkti-predna,2014,102,90456,Министерски съвет,"Постановление № 384 от 4 декември 2014 г. за допълнение на Наредбата за изискванията към соковете от плодове и някои сходни продукти, предназначени за консумация от човека, приета с Постановление № 219 на Министерския съвет от 2002 г.",amending,1.000,,2022-08-05,before_promulgation
title,naredba-za-iziskvaniyata-za-tretirane-na-izlezli-ot-upotreba-gumi,2010,69,36324,Министерски съвет,Постановление № 183 от 20 август 2010 г. за приемане на Наредба за изискванията за третиране на излезли от употреба гуми,adopting,1.000,,2012-09-25,before_promulgation
title,naredba-za-izlyazloto-ot-upotreba-elektrichesko-i-elektronno-oborudvane,2013,2,71720,Министерски съвет,Постановление № 355 от 28 декември 2012 г. за приемане на Наредба за излязлото от употреба електрическо и електронно оборудване,adopting,1.000,,2013-11-19,before_promulgation
title,naredba-za-izlyazloto-ot-upotreba-elektrichesko-i-elektronno-oborudvane,2013,5,72078,Министерски съвет,"Поправка в Наредбата за излязлото от употреба електрическо и електронно оборудване, приета с Постановление № 355 от 2012 г. (ДВ, бр. 2 от 2013 г.)",corrigendum,1.000,,2013-11-19,before_promulgation
title,naredba-za-kriteriite-i-reda-za-izbor-na-lechebni-zavedeniya-za-bolnichna-pomosh,2016,19,101771,Министерски съвет,"Постановление № 45 от 9 март 2016 г. за приемане на Наредба за критериите и реда за избор на лечебни заведения за болнична помощ, с които На­цио­налната здравноосигурителна каса сключва договори",adopting,1.000,,2018-05-18,before_promulgation
title,naredba-za-kriteriite-i-reda-za-izbor-na-lechebni-zavedeniya-za-bolnichna-pomosh,2016,31,102828,Министерски съвет,"Постановление № 84 от 14 април 2016 г. за изменение на Наредбата за критериите и реда за избор на лечебни заведения за болнична помощ, с които Националната здравноосигурителна каса сключва договори, приета с Постановление № 45 на Министерския съвет от 2016 г.",amending,1.000,,2018-05-18,before_promulgation
title,naredba-za-meditsinskata-ekspertiza,2010,36,32777,Министерски съвет,Постановление № 87 от 5 май 2010 г. за приемане на Наредба за медицинската експертиза,adopting,1.000,,2017-06-27,before_promulgation
title,naredba-za-metodikite-za-opredelyaneto-na-natsionalnata-tsel-za-energiyna-efekti,2016,75,107649,Министерски съвет,"Постановление № 240 от 15 септември 2016 г. за приемане на Наредба за методиките за определянето на националната цел за енергийна ефективност и за определянето на общата кумулативна цел, въвеждането на схема за задължения за енергийни спестявания и разпределянето на индивидуалните цели за енергийни спестявания между задължените лица",adopting,1.000,,2022-04-26,before_promulgation
title,naredba-za-oformyane-podavane-i-ekspertiza-na-zayavki-za-registratsiya-na-marki-,2006,14,1404,Министерски съвет,"Постановление № 17 от 2 февруари 2006 г. за изменение и допълнение на Наредбата за оформяне, подаване и експертиза на заявки за регистрация на марки и географски означения, приета с Постановление № 267 на Министерския съвет от 1999 г.",amending,1.000,,2021-04-06,before_promulgation
title,naredba-za-oformyane-podavane-i-ekspertiza-na-zayavki-za-registratsiya-na-marki-,2007,73,4118,Министерски съвет,"Постановление № 200 от 30 август 2007 г. за изменение и допълнение на Наредбата за оформяне, подаване и експертиза на заявки за регистрация на марки и географски означения, приета с Постановление № 267 на Министерския съвет от 1999 г.",amending,1.000,,2021-04-06,before_promulgation
title,naredba-za-oformyane-podavane-i-ekspertiza-na-zayavki-za-registratsiya-na-marki-,2011,70,56516,Министерски съвет,"Постановление № 249 от 30 август 2011 г. за изменение и допълнение на Наредбата за оформяне, подаване и експертиза на заявки за регистрация на марки и географски означения, приета с Постановление № 267 на Министерския съвет от 1999 г.",amending,1.000,,2021-04-06,before_promulgation
title,naredba-za-opakovkite-i-otpadatsite-ot-opakovki,2004,19,21471,Министерски съвет,Постановление № 41 от 26 февруари 2004 г. за приемане на Наредба за опаковките и отпадъците от опаковки,adopting,1.000,,2012-11-06,before_promulgation
title,naredba-za-opakovkite-i-otpadatsite-ot-opakovki,2004,56,68670,Министерски съвет,"Поправка в Наредбата за опаковките и отпадъците от опаковки, приета с Постановления № 41 на Министерския съвет от 2004 г. (ДВ, бр. 19 от 2004 г.)",corrigendum,1.000,,2012-11-06,before_promulgation
title,naredba-za-organizatsiyata-na-deynostta-po-izpolzvane-na-sluzhiteli-pod-prikriti,2007,38,3638,Министерски съвет,Постановление № 98 от 3 май 2007 г. за приемане на Наредба за организацията на дейността по използване на служители под прикритие в Министерството на вътрешните работи,adopting,1.000,,2015-09-15,before_promulgation
title,naredba-za-organizatsiyata-za-osashtestvyavane-na-granichen-pasporten-mitnichesk,2006,5,1295,Министерски съвет,"Постановление № 2 от 6 януари 2006 г. за приемане на Наредба за организацията за осъществяване на граничен паспортен, митнически, здравен, ветеринарномедицински и фитосанитарен контрол, както и контрол на транспортните средства в пристанищата на Република България, обслужващи кораби от международно плаване",adopting,1.000,,2012-08-31,before_promulgation
title,naredba-za-osiguryavane-bezopasnostta-na-yadrenite-tsentrali,2004,66,19509,Министерски съвет,Постановление № 172 от 19 юли 2004 г. за приемане на Наредба за осигуряване безопасността на ядрените централи,adopting,1.000,,2016-09-30,before_promulgation
title,naredba-za-osiguryavane-na-fizicheskata-zashtita-na-yadrenite-saorazheniya-yadre,2004,77,19115,Министерски съвет,"Постановление № 224 от 25 август 2004 г. за приемане на Наредба за осигуряване на физическата защита на ядрените съоръжения, ядрения материал и радиоактивните вещества",adopting,1.000,,2015-10-23,before_promulgation
title,naredba-za-planirane-na-grazhdanski-resursi-za-otbrana,2010,93,40320,Министерски съвет,Постановление № 267 от 16 ноември 2010 г. за приемане на Наредба за планиране на граждански ресурси за отбрана,adopting,1.000,,2020-05-29,before_promulgation
title,naredba-za-polzvane-na-studentskite-obshtezhitiya-i-stolove,2003,100,123197,Министерски съвет,"Постановление № 255 от 7 ноември 2003 г. за изменение и допълнение на Наредбата за ползване на студентските общежития и столове, приета с Постановление № 327 на Министерския съвет от 1997 г.",amending,1.000,,2008-10-03,before_promulgation
title,naredba-za-polzvaneto-na-povarhnostnite-vodi,2011,56,54712,Министерски съвет,Постановление № 200 от 13 юли 2011 г. за приемане на Наредба за ползването на повърхностните води,adopting,1.000,,2021-03-26,before_promulgation
title,naredba-za-polzvaneto-na-povarhnostnite-vodi,2016,100,110348,Министерски съвет,Постановление № 352 от 14 декември 2016 г. за приемане на Наредба за ползването на повърхностните води,adopting,1.000,,2021-03-26,before_promulgation
title,naredba-za-predotvratyavane-na-golemi-avarii-s-opasni-veshtestva-i-ogranichavane,2006,39,1870,Министерски съвет,Постановление № 99 от 3 май 2006 г. за приемане на Наредба за предотвратяване на големи аварии с опасни вещества и за ограничаване на последствията от тях,adopting,0.985,,2016-01-19,before_promulgation
title,naredba-za-predotvratyavane-na-golemi-avarii-s-opasni-veshtestva-i-ogranichavane,2010,25,31277,Министерски съвет,"Постановление № 42 от 19 март 2010 г. за изменение и допълнение на Наредбата за предотвратяване на големи аварии с опасни вещества и за ограничаване на последствията от тях, приета с Постановление № 99 на Министерския съвет от 2006 г.",amending,0.985,,2016-01-19,before_promulgation
title,naredba-za-predotvratyavane-na-golemi-avarii-s-opasni-veshtestva-i-ogranichavane,2012,76,68902,Министерски съвет,Постановление № 238 от 28 септември 2012 г. за приемане на Наредба за предотвратяване на големи аварии с опасни вещества и за ограничаване на последствията от тях,adopting,0.985,,2016-01-19,before_promulgation
title,naredba-za-prilagane-na-chl-4-ot-zakona-za-politicheska-i-grazhdanska-reabilitat,2005,15,14836,Министерски съвет,"Постановление № 22 от 4 февруари 2005 г. за изменение на Наредбата за прилагане на чл. 4 от Закона за политическа и гражданска реабилитация на репресирани лица, приета с Постановление № 140 на Министерския съвет от 2004 г.",amending,1.000,,2006-04-28,before_promulgation
title,naredba-za-priobshtavashtoto-obrazovanie,2016,89,108940,Министерски съвет,Постановление № 286 от 4 ноември 2016 г. за приемане на Наредба за приобщаващото образование,adopting,1.000,,2017-10-27,before_promulgation
title,naredba-za-razglezhdane-na-sporove-po-zakona-za-markite-i-geografskite-oznacheni,2018,34,125581,Министерски съвет,Постановление № 56 от 16 април 2018 г. за приемане на Наредба за разглеждане на спорове по Закона за марките и географските означения,adopting,1.000,,2022-03-08,before_promulgation
title,naredba-za-reda-i-nachina-za-izchislyavane-na-razmera-na-finansovata-garantsiya-,2011,29,47857,Министерски съвет,Постановление № 76 от 31 март 2011 г. за приемане на Наредба за реда и начина за изчисляване размера на финансовата гаранция или еквивалентна застраховка и за предоставяне на годишни справки-декларации при трансграничен превоз на отпадъци,adopting,0.992,,2014-07-18,before_promulgation
title,naredba-za-reda-i-nachina-za-nanasyane-na-spetsifichnata-markirovka-za-identifik,2005,31,15170,Министерски съвет,Постановление № 55 от 29 март 2005 г. за приемане на Наредба за реда и начина за нанасяне на специфичната маркировка за идентификация на радиосъоръженията,adopting,1.000,,2007-11-27,before_promulgation
title,naredba-za-reda-i-nachina-za-opolzotvoryavane-na-utayki-ot-prechistvaneto-na-otp,2004,112,18060,Министерски съвет,Постановление № 339 от 14 декември 2004 г. за приемане на Наредба за реда и начина за оползотворяване на утайки от пречистването на отпадъчни води чрез употребата им в земеделието,adopting,1.000,,2016-08-12,before_promulgation
title,naredba-za-reda-za-izbor-na-osiguryavane-vnasyane-i-razpredelyane-na-zadalzhitel,2015,68,97126,Министерски съвет,"Постановление № 233 от 31 август 2015 г. за приемане на Наредба за реда за избор на осигуряване, внасяне и разпределяне на задължителните осигурителни вноски, вноските за Фонд „Гарантирани вземания на работниците и служителите“ и за обмен на информация",adopting,1.000,,2018-08-24,before_promulgation
title,naredba-za-reda-za-izbor-na-osiguryavane-vnasyane-i-razpredelyane-na-zadalzhitel,2016,5,100110,Министерски съвет,"Постановление № 5 от 14 януари 2016 г. за изменение и допълнение на Наредбата за реда за избор на осигуряване, внасяне и разпределяне на задължителните осигурителни вноски, вноските за Фонд „Гарантирани вземания на работниците и служителите“ и за обмен на информация, приета с Постановление № 233 на Министерския съвет от 2015 г.",amending,1.000,,2018-08-24,before_promulgation
title,naredba-za-reda-za-izbor-na-osiguryavane-vnasyane-i-razpredelyane-na-zadalzhitel,2017,28,113282,Министерски съвет,"Постановление № 59 от 30 март 2017 г. за изменение на Наредбата за реда за избор на осигуряване, внасяне и разпределяне на задължителните осигурителни вноски, вноските за Фонд „Гарантирани вземания на работниците и служителите“ и за обмен на информация, приета с Постановление № 233 на Министерския съвет от 2015 г.",amending,1.000,,2018-08-24,before_promulgation
title,naredba-za-reda-za-oformyane-podavane-i-razglezhdane-na-opozitsii-po-zakona-za-m,2011,43,51475,Министерски съвет,"Постановление № 151 от 30 май 2011 г. за приемане на Наредба за реда за оформяне, подаване и разглеждане на опозиции по Закона за марките и географските означения",adopting,1.000,,2022-04-12,before_promulgation
title,naredba-za-sashtestvenite-iziskvaniya-i-otsenyavane-na-saotvetstvieto-na-elektri,2003,74,115338,Министерски съвет,"Постановление № 180 от 11 август 2003 г. за изменение и допълнение на Наредбата за съществените изисквания и оценяване на съответствието на електрически съоръжения, предназначени за използване в определени граници на напрежението, приета с Постановление № 182 на Министерския съвет от 2001 г.",amending,1.000,,2016-03-25,before_promulgation
title,naredba-za-sashtestvenite-iziskvaniya-i-otsenyavane-na-saotvetstvieto-na-piroteh,2009,102,28075,Министерски съвет,Постановление № 315 от 18 декември 2009 г. за приемане на Наредба за съществените изисквания и оценяване съответствието на пиротехническите изделия,adopting,0.983,,2015-07-03,before_promulgation
title,naredba-za-sashtestvenite-iziskvaniya-i-otsenyavane-na-saotvetstvieto-na-piroteh,2013,75,78407,Министерски съвет,"Постановление № 178 от 20 август 2013 г. за изменение на Наредбата за съществените изисквания и оценяване съответствието на пиротехническите изделия, приета с Постановление № 315 на Министерския съвет от 2009 г.",amending,0.983,,2015-07-03,before_promulgation
title,naredba-za-sashtestvenite-iziskvaniya-i-otsenyavane-na-saotvetstvieto-na-piroteh,2015,13,92000,Министерски съвет,"Постановление № 25 от 10 февруари 2015 г. за изменение и допълнение на Наредбата за съществените изисквания и оценяване съответствието на пиротехническите изделия, приета с Постановление № 315 на Министерския съвет от 2009 г.",amending,0.983,,2015-07-03,before_promulgation
title,naredba-za-sashtestvenite-iziskvaniya-i-otsenyavane-na-saotvetstvieto-na-sredstv,2010,48,34152,Министерски съвет,"Постановление № 125 от 18 юни 2010 г. за изменение и допълнение на Наредбата за съществените изисквания и оценяване съответствието на средствата за измерване, приета с Постановление № 253 на Министерския съвет от 2006 г.",amending,0.983,,2016-03-25,before_promulgation
title,naredba-za-sashtestvenite-iziskvaniya-i-otsenyavane-na-saotvetstvieto-na-vezni-s,2003,52,106615,Министерски съвет,Постановление № 114 от 30 май 2003 г. за приемане на Наредба за съществените изисквания и оценяване съответствието на везни с неавтоматично действие,adopting,0.984,,2016-03-25,before_promulgation
title,naredba-za-sashtestvenite-iziskvaniya-i-otsenyavane-na-saotvetstvieto-na-vezni-s,2005,1,14600,Министерски съвет,"Постановление № 354 от 23 декември 2004 г. за изменение и допълнение на Наредбата за съществените изисквания и оценяване съответствието на везни с неавтоматично действие, приета с Постановление № 114 на Министерския съвет от 2003 г.",amending,0.984,,2016-03-25,before_promulgation
title,naredba-za-sashtestvenite-iziskvaniya-i-otsenyavane-na-saotvetstvieto-na-vzrivni,2006,11,1372,Министерски съвет,"Постановление № 11 от 25 януари 2006 г. за изменение и допълнение на Наредбата за съществените изисквания и оценяване съответствието на взривните вещества за граждански цели, приета с Постановление № 52 на Министерския съвет от 2002 г.",amending,0.986,,2016-03-25,before_promulgation
title,naredba-za-sashtestvenite-iziskvaniya-i-otsenyavane-na-saotvetstvieto-za-elektro,2004,65,19534,Министерски съвет,"Постановление № 170 от 16 юли 2004 г. за изменение и допълнение на Наредбата за съществените изисквания и оценяване на съответствието за електромагнитна съвместимост, приета с Постановление № 203 на Министерския съвет от 2001 г.",amending,1.000,,2016-03-25,before_promulgation
title,naredba-za-sashtestvenite-iziskvaniya-i-otsenyavane-na-saotvetstvieto-za-elektro,2007,32,3531,Министерски съвет,Постановление № 76 от 6 април 2007 г. за приемане на Наредба за съществените изисквания и оценяване на съответствието за електромагнитна съвместимост,adopting,1.000,,2016-03-25,before_promulgation
title,naredba-za-sashtestvenite-iziskvaniya-i-otsenyavane-saotvetstvieto-na-mashinite,2004,52,20064,Министерски съвет,"Постановление № 121 от 8 юни 2004 г. за изменение и допълнение на Наредбата за съществените изисквания и оценяване съответствието на машините, приета с Постановление № 232 на Министерския съвет от 2001 г.",amending,1.000,,2008-07-08,before_promulgation
title,naredba-za-spetsifichnite-iziskvaniya-kam-kazeinite-i-kazeinatite-prednaznacheni,2017,4,110952,Министерски съвет,"Постановление № 2 от 6 януари 2017 г. за приемане на Наредба за специфичните изисквания към казеините и казеинатите, предназначени за консумация от човека",adopting,1.000,,2021-07-30,before_promulgation
title,naredba-za-spetsifichnite-iziskvaniya-kam-mlechnite-produkti,2012,48,65714,Министерски съвет,Постановление № 119 от 19 юни 2012 г. за приемане на Наредба за специфичните изисквания към млечните продукти,adopting,1.000,,2021-08-03,before_promulgation
title,naredba-za-spetsifichnite-iziskvaniya-kam-mlechnite-produkti,2013,1,71626,Министерски съвет,"Постановление № 349 от 21 декември 2012 г. за изменение и допълнение на Наредбата за специфичните изиск­вания към млечните продукти, приета с Постановление № 119 на Министерския съвет от 2012 г.",amending,1.000,,2021-08-03,before_promulgation
title,naredba-za-spetsifichnite-iziskvaniya-kam-mlechnite-produkti,2018,58,128477,Министерски съвет,"Постановление № 135 от 9 юли 2018 г. за изменение и допълнение на Наредбата за специфичните изисквания към млечните продукти, приета с Постановление № 119 на Министерския съвет от 2012 г.",amending,1.000,,2021-08-03,before_promulgation
title,naredba-za-sredstvata-za-izmervane-koito-podlezhat-na-metrologichen-kontrol,2003,98,123174,Министерски съвет,"Постановление № 239 от 24 октомври 2003 г. за приемане на Наредба за средствата за измерване, които подлежат на метрологичен контрол",adopting,1.000,,2024-12-06,before_promulgation
title,naredba-za-sredstvata-za-izmervane-koito-podlezhat-na-metrologichen-kontrol,2007,46,3798,Министерски съвет,"Постановление № 126 от 2 юни 2007 г. за изменение и допълнение на Наредбата за средствата за измерване, които подлежат на метрологичен контрол, приета с Постановление № 239 на Министерския съвет от 2003 г.",amending,1.000,,2024-12-06,before_promulgation
title,naredba-za-sredstvata-za-izmervane-koito-podlezhat-na-metrologichen-kontrol,2011,56,54886,Министерски съвет,"Постановление № 202 от 15 юли 2011 г. за изменение и допълнение на Наредбата за средствата за измерване, които подлежат на метрологичен контрол, приета с Постановление № 239 на Министерския съвет от 2003 г.",amending,1.000,,2024-12-06,before_promulgation
title,naredba-za-sredstvata-za-izmervane-koito-podlezhat-na-metrologichen-kontrol,2015,22,93161,Министерски съвет,"Постановление № 61 от 19 март 2015 г. за изменение и допълнение на На­редбата за средствата за измерване, които подлежат на метрологичен контрол, приета с Постановление № 239 на Министерския съвет от 2003 г.",amending,1.000,,2024-12-06,before_promulgation
title,naredba-za-sredstvata-za-izmervane-koito-podlezhat-na-metrologichen-kontrol,2017,86,119144,Министерски съвет,"Постановление № 234 от 20 октомври 2017 г. за изменение на Наредбата за средствата за измерване, които подлежат на метрологичен контрол, приета с Постановление № 239 на Министерския съвет от 2003 г.",amending,1.000,,2024-12-06,before_promulgation
title,naredba-za-sredstvata-za-izmervane-koito-podlezhat-na-metrologichen-kontrol,2022,86,179321,Министерски съвет,"Постановление № 342 от 24 октомври 2022 г. за изменение и допълнение на Наредбата за средствата за измерване, които подлежат на метрологичен контрол, приета с Постановление № 239 на Министерския съвет от 2003 г.",amending,1.000,,2024-12-06,before_promulgation
title,naredba-za-upravlenie-na-stroitelnite-otpadatsi-i-za-vlagane-na-retsiklirani-str,2012,89,70200,Министерски съвет,Постановление № 277 от 5 ноември 2012 г. за приемане на Наредба за управ­ление на строителните отпадъци и за влагане на рециклирани строителни материали,adopting,1.000,,2017-12-08,before_promulgation
title,naredba-za-usloviyata-i-reda-za-izdavane-na-litsenzii-i-sertifikati-pri-vnos-i-i,2007,31,3521,Министерски съвет,Постановление № 71 от 2 април 2007 г. за приемане на Наредба за условията и реда за издаване на лицензии и сертификати при внос и износ на земеделски и преработени земеделски продукти и контрола върху вноса и износа на земеделски и преработени земеделски продукти,adopting,1.000,,2014-01-07,before_promulgation
title,naredba-za-usloviyata-i-reda-za-izdavane-na-vizi-i-opredelyane-na-vizoviya-rezhi,2008,44,5197,Министерски съвет,Постановление № 82 от 22 април 2008 г. за приемане на Наредба за условията и реда за издаване на визи и определяне на визовия режим,adopting,1.000,,2011-07-19,before_promulgation
title,naredba-za-usloviyata-i-reda-za-izdavane-na-vizi-i-opredelyane-na-vizoviya-rezhi,2010,18,30524,Министерски съвет,"Постановление № 26 от 26 февруари 2010 г. за изменение и допълнение на Наредбата за условията и реда за издаване на визи и определяне на визовия режим, приета с Постановление № 82 на Министерския съвет от 2008 г.",amending,1.000,,2011-07-19,before_promulgation
title,naredba-za-usloviyata-i-reda-za-kandidatstvane-podbor-i-utvarzhdavane-na-priemni,2003,68,114138,Министерски съвет,"Постановление № 162 от 24 юли 2003 г. за приемане на Наредба за условията и реда за кандидатстване, подбор и утвърждаване на приемни семейства и настаняване на деца в тях",adopting,1.000,,2006-12-12,before_promulgation
title,naredba-za-usloviyata-i-reda-za-kandidatstvane-podbor-i-utvarzhdavane-na-priemni,2004,82,18761,Министерски съвет,"Постановление № 247 от 13 септември 2004 г. за изменение и допълнение на Наредбата за условията и реда за кандидатстване, подбор и утвърждаване на приемни семейства и настаняване на деца в тях, приета с Постановление № 162 на Министерския съвет от 2003 г.",amending,1.000,,2006-12-12,before_promulgation
title,naredba-za-usloviyata-i-reda-za-predavane-na-radioaktivni-otpadatsi-na-darzhavno,2004,64,19556,Министерски съвет,Постановление № 164 от 14 юли 2004 г. за приемане на Наредба за условията и реда за предаване на радиоактивни отпадъци на Държавно предприятие “Радиоактивни отпадъци”,adopting,1.000,,2015-02-27,before_promulgation
title,naredba-za-usloviyata-i-reda-za-razreshavane-na-deynostite-po-chl-73-al-1-ot-zak,2004,76,19126,Министерски съвет,"Постановление № 216 от 19 август 2004 г. за приемане на Наредба за условията и реда за разрешаване на дейностите по чл. 73, ал. 1 от Закона за контрол върху наркотичните вещества и прекурсорите",adopting,1.000,,2016-10-06,before_promulgation
title,naredba-za-usloviyata-i-reda-za-razreshavane-na-deynostite-po-chl-73-al-1-ot-zak,2011,38,49819,Министерски съвет,"Постановление № 122 от 9 май 2011 г. за изменение и допълнение на Наредбата за условията и реда за разрешаване на дейностите по чл. 73, ал. 1 от Закона за контрол върху наркотичните вещества и прекурсорите, приета с Постановление № 216 на Министерския съвет от 2004 г.",amending,1.000,,2016-10-06,before_promulgation
title,naredba-za-usloviyata-na-koito-tryabva-da-otgovaryat-investitsionnite-proekti-fi,2003,15,101547,Министерски съвет,"Постановление № 28 от 7 февруари 2003 г. за приемане на Наредба за условията, на които трябва да отговарят инвестиционните проекти, финансирани с държавни заеми, и проектите, кандидатстващи за финансиране с държавна гаранция, и за реда за тяхното разглеждане",adopting,1.000,,2015-12-04,before_promulgation
title,naredba-za-usloviyata-pravilata-i-reda-za-regulirane-i-registrirane-na-tsenite-n,2007,104,4525,Министерски съвет,"Постановление № 295 от 3 декември 2007 г. за приемане на Наредба за условията, правилата и реда за регулиране и регистриране на цените на лекарствените продукти",adopting,1.000,,2013-04-30,before_promulgation
title,pravilnik-na-fond-nauchni-izsledvaniya,2004,73,19182,Министерство на образованието и науката,Правилник на Фонд “Научни изследвания”,promulgation,1.000,,2025-06-06,before_promulgation
title,pravilnik-na-fond-nauchni-izsledvaniya,2006,86,2732,Министерство на образованието и науката,Правилник за изменение и допълнение на Правилника на Фонд “Научни изследвания”,amending,1.000,,2025-06-06,before_promulgation
title,pravilnik-na-fond-nauchni-izsledvaniya,2008,107,13163,Министерство на образованието и науката,Правилник за изменение и допълнение на Правилника на Фонд “Научни изследвания”,amending,1.000,,2025-06-06,before_promulgation
title,pravilnik-na-fond-nauchni-izsledvaniya,2013,49,76227,"Министерство на образованието, младежта и науката",Правилник за изменение и допълнение на Правилника на Фонд „Научни изследвания“,amending,1.000,,2025-06-06,before_promulgation
title,pravilnik-na-fond-nauchni-izsledvaniya,2014,47,85455,Министерство на образованието и науката,Правилник за изменение и допълнение на Правилника на Фонд „Научни изследвания“,amending,1.000,,2025-06-06,before_promulgation
title,pravilnik-na-fond-nauchni-izsledvaniya,2016,41,104115,Министерство на образованието и науката,Правилник на Фонд „Научни изследвания“,promulgation,1.000,,2025-06-06,before_promulgation
title,pravilnik-na-fond-nauchni-izsledvaniya,2019,42,137724,Министерство на образованието и науката,Правилник за изменение и допълнение на Правилника на Фонд „Научни изследвания“,amending,1.000,,2025-06-06,before_promulgation
title,pravilnik-na-fond-nauchni-izsledvaniya,2020,47,148210,Министерство на образованието и науката,Правилник за допълнение на Правилника на Фонд „Научни изследвания“,amending,1.000,,2025-06-06,before_promulgation
title,pravilnik-na-fond-nauchni-izsledvaniya,2021,93,164309,Министерство на образованието и науката,Правилник за изменение и допълнение на Правилника на Фонд „Научни изследвания“,amending,1.000,,2025-06-06,before_promulgation
title,pravilnik-za-administratsiyata-na-varhovniya-administrativen-sad,2008,9,4717,Висш съдебен съвет,Правилник за администрацията на Върховния административен съд,promulgation,1.000,,2019-07-30,before_promulgation
title,pravilnik-za-administratsiyata-na-varhovniya-administrativen-sad,2009,66,24322,Висш съдебен съвет,Правилник за администрацията на Върховния административен съд,promulgation,1.000,,2019-07-30,before_promulgation
title,pravilnik-za-administratsiyata-na-varhovniya-administrativen-sad,2013,67,77683,Висш съдебен съвет,Правилник за администрацията на Върховния административен съд,promulgation,1.000,,2019-07-30,before_promulgation
title,pravilnik-za-administratsiyata-na-varhovniya-administrativen-sad,2014,24,83406,Висш съдебен съвет,Правилник за изменение и допълнение на Правилника за администрацията на Върховния административен съд,amending,1.000,,2019-07-30,before_promulgation
title,pravilnik-za-administratsiyata-na-varhovniya-administrativen-sad,2016,37,103497,Висш съдебен съвет,Правилник за администрацията на Върховния административен съд,promulgation,1.000,,2019-07-30,before_promulgation
title,pravilnik-za-administratsiyata-na-varhovniya-kasatsionen-sad,2008,6,4688,Висш съдебен съвет,Правилник за администрацията на Върховния касационен съд,promulgation,1.000,,2021-03-12,before_promulgation
title,pravilnik-za-administratsiyata-na-varhovniya-kasatsionen-sad,2009,66,24343,Висш съдебен съвет,Правилник за администрацията на Върховния касационен съд,promulgation,1.000,,2021-03-12,before_promulgation
title,pravilnik-za-administratsiyata-na-varhovniya-kasatsionen-sad,2014,24,83416,Висш съдебен съвет,Правилник за администрацията на Върховния касационен съд,promulgation,1.000,,2021-03-12,before_promulgation
title,pravilnik-za-administratsiyata-na-varhovniya-kasatsionen-sad,2016,101,110401,Висш съдебен съвет,Правилник за администрацията на Върховния касационен съд,promulgation,1.000,,2021-03-12,before_promulgation
title,pravilnik-za-administratsiyata-v-sadilishtata,2014,8,81779,Висш съдебен съвет,Правилник за администрацията в съдилищата,promulgation,1.000,,2017-08-22,before_promulgation
title,pravilnik-za-administratsiyata-v-sadilishtata,2015,2,90806,Висш съдебен съвет,Правилник за изменение и допълнение на Правилника за администрацията в съдилищата,amending,1.000,,2017-08-22,before_promulgation
title,pravilnik-za-administratsiyata-v-sadilishtata,2016,16,101141,Висш съдебен съвет,Правилник за изменение и допълнение на Правилника за администрацията в съдилищата,amending,1.000,,2017-08-22,before_promulgation
title,pravilnik-za-deynostta-i-strukturata-na-darzhavnoto-predpriyatie-stroitelstvo-i-,2003,103,123273,Министерство на териториалното развитие и благоустройството,"Правилник за дейността и структурата на държавното предприятие „Строителство и възстановяване""",promulgation,1.000,,2010-02-19,before_promulgation
title,pravilnik-za-deynostta-i-strukturata-na-darzhavnoto-predpriyatie-stroitelstvo-i-,2006,77,2567,Министерство на регионалното развитие и благоустройството,Правилник за изменение и допълнение на Правилника за дейността и структурата на държавното предприятие “Строителство и възстановяване”,amending,1.000,,2010-02-19,before_promulgation
title,pravilnik-za-deynostta-i-strukturata-na-darzhavnoto-predpriyatie-stroitelstvo-i-,2007,52,3881,Министерство на регионалното развитие и благоустройството,Правилник за изменение и допълнение на Правилника за дейността и структурата на държавното предприятие “Строителство и възстановяване”,amending,1.000,,2010-02-19,before_promulgation
title,pravilnik-za-deynostta-na-fond-usloviya-na-trud,2006,28,1632,Министерство на труда и социалната политика,Правилник за дейността на фонд “Условия на труд”,promulgation,1.000,,2008-04-18,before_promulgation
title,pravilnik-za-deynostta-na-inspektorata-na-ministerstvoto-na-otbranata,2010,86,38642,Министерство на отбраната,Правилник за дейността на Инспектората на Министерството на отбраната,promulgation,1.000,,2019-09-03,before_promulgation
title,pravilnik-za-deynostta-na-inspektorata-na-ministerstvoto-na-otbranata,2015,17,92383,Министерство на отбраната,Правилник за изменение и допълнение на Правилника за дейността на Инспектората на Министерството на отбраната,amending,1.000,,2019-09-03,before_promulgation
title,pravilnik-za-deynostta-na-komisiyata-za-publichen-nadzor-nad-registriranite-odit,2009,1,13584,Комисия за публичен надзор над регистринаните одитори,Правилник за дейността на Комисията за публичен надзор над регистрираните одитори,promulgation,1.000,,2017-02-17,before_promulgation
title,pravilnik-za-deynostta-na-komisiyata-za-publichen-nadzor-nad-registriranite-odit,2009,38,20583,Комисия за публичен надзор над регистрираните одитори,Правилник за изменение и допълнение на Правилника за дейността на Комисията за публичен надзор над регистрираните одитори,amending,1.000,,2017-02-17,before_promulgation
title,pravilnik-za-deynostta-na-komisiyata-za-publichen-nadzor-nad-registriranite-odit,2012,6,60317,Комисия за публичен надзор над регистрираните одитори,Правилник за изменение и допълнение на Правилника за дейността на Комисията за публичен надзор над регистрираните одитори,amending,1.000,,2017-02-17,before_promulgation
title,pravilnik-za-deynostta-na-komisiyata-za-publichen-nadzor-nad-registriranite-odit,2012,55,66389,Комисия за публичен надзор над регистрираните одитори,Правилник за дейността на Комисията за публичен надзор над регистрираните одитори,promulgation,1.000,,2017-02-17,before_promulgation
title,pravilnik-za-deynostta-na-komisiyata-za-publichen-nadzor-nad-registriranite-odit,2013,31,74578,Комисия за публичен надзор над регистрираните одитори,Правилник за изменение и допълнение на Правилника за дейността на Комисията за публичен надзор над регистрираните одитори,amending,1.000,,2017-02-17,before_promulgation
title,pravilnik-za-deynostta-na-komisiyata-za-publichen-nadzor-nad-registriranite-odit,2014,15,82665,Комисия за публичен надзор над регистрираните одитори,Правилник за изменение и допълнение на Правилника за дейността на Комисията за публичен надзор над регистрираните одитори,amending,1.000,,2017-02-17,before_promulgation
title,pravilnik-za-deynostta-na-komisiyata-za-publichen-nadzor-nad-registriranite-odit,2014,56,86226,Комисия за публичен надзор над регистрираните одитори,Правилник за изменение и допълнение на Правилника за дейността на Комисията за публичен надзор над регистрираните одитори,amending,1.000,,2017-02-17,before_promulgation
title,pravilnik-za-deynostta-na-komisiyata-za-publichen-nadzor-nad-registriranite-odit,2014,71,87390,Комисия за публичен надзор над регистрираните одитори,Правилник за изменение и допълнение на Правилника за дейността на Комисията за публичен надзор над регистрираните одитори,amending,1.000,,2017-02-17,before_promulgation
title,pravilnik-za-deynostta-na-komisiyata-za-publichen-nadzor-nad-registriranite-odit,2015,20,92773,Комисия за публичен надзор над регистрираните одитори,Правилник за изменение и допълнение на Правилника за дейността на Комисията за публичен надзор над регистрираните одитори,amending,1.000,,2017-02-17,before_promulgation
title,pravilnik-za-deynostta-na-komisiyata-za-publichen-nadzor-nad-registriranite-odit,2015,66,96755,Комисия за публичен надзор над регистрираните одитори,Правилник за изменение и допълнение на Правилника за дейността на Комисията за публичен надзор над регистрираните одитори,amending,1.000,,2017-02-17,before_promulgation
title,pravilnik-za-deynostta-na-komisiyata-za-publichen-nadzor-nad-registriranite-odit,2015,98,99342,Комисия за публичен надзор над регистрираните одитори,Правилник за изменение и допълнение на Правилника за дейността на Комисията за публичен надзор над регистрираните одитори,amending,1.000,,2017-02-17,before_promulgation
title,pravilnik-za-deynostta-na-komisiyata-za-zashtita-na-lichnite-danni-i-na-neynata-,2003,9,100335,Комисия за защита на личните данни,Правилник за дейността на Комисията за защита на личните данни и нейната администрация,promulgation,0.983,,2019-07-30,before_promulgation
title,pravilnik-za-deynostta-na-komisiyata-za-zashtita-na-lichnite-danni-i-na-neynata-,2003,15,101550,Комисия за защита на личните данни,Правилник за изменение и допълнение на Правилника за дейността на Комисията за защита на личните данни и нейната администрация,amending,0.983,,2019-07-30,before_promulgation
title,pravilnik-za-deynostta-na-komisiyata-za-zashtita-na-lichnite-danni-i-na-neynata-,2006,40,1896,Комисия за защита на личните данни,Правилник за изменение на Правилника за дейността на Комисията за защита на личните данни и нейната администрация,amending,0.983,,2019-07-30,before_promulgation
title,pravilnik-za-deynostta-na-komisiyata-za-zashtita-na-lichnite-danni-i-na-neynata-,2006,82,2675,Комисия за защита на личните данни,Правилник за изменение и допълнение на Правилника за дейността на Комисията за защита на личните данни и нейната администрация,amending,0.983,,2019-07-30,before_promulgation
title,pravilnik-za-deynostta-na-komisiyata-za-zashtita-na-lichnite-danni-i-na-neynata-,2007,25,3446,Комисия за защита на личните данни,Правилник за дейността на Комисията за защита на личните данни и нейната администрация,promulgation,0.983,,2019-07-30,before_promulgation
title,pravilnik-za-deynostta-na-komisiyata-za-zashtita-na-lichnite-danni-i-na-neynata-,2007,40,3674,Комисия за защита на личните данни,Правилник за изменение и допълнение на Правилника за дейността на Комисията за защита на личните данни и нейната администрация,amending,0.983,,2019-07-30,before_promulgation
title,pravilnik-za-deynostta-na-komisiyata-za-zashtita-na-lichnite-danni-i-na-neynata-,2009,11,15478,Комисия за защита на личните данни,Правилник за дейността на Комисията за защита на личните данни и на нейната администрация,promulgation,1.000,,2019-07-30,before_promulgation
title,pravilnik-za-deynostta-na-komisiyata-za-zashtita-na-lichnite-danni-i-na-neynata-,2011,21,46198,Комисия за защита на личните данни,Правилник за изменение и допълнение на Правилника за дейността на Комисията за защита на личните данни и на нейната администрация,amending,1.000,,2019-07-30,before_promulgation
title,pravilnik-za-deynostta-na-komisiyata-za-zashtita-na-lichnite-danni-i-na-neynata-,2012,20,62186,Комисия за защита на личните данни,Правилник за изменение и допълнение на Правилника за дейността на Комисията за защита на личните данни и на нейната администрация,amending,1.000,,2019-07-30,before_promulgation
title,pravilnik-za-deynostta-na-komisiyata-za-zashtita-na-lichnite-danni-i-na-neynata-,2014,46,85451,Комисия за защита на личните данни,Правилник за изменение и допълнение на Правилника за дейността на Комисията за защита на личните данни и на нейната администрация,amending,1.000,,2019-07-30,before_promulgation
title,pravilnik-za-deynostta-na-komisiyata-za-zashtita-na-lichnite-danni-i-na-neynata-,2016,10,100586,Комисия за защита на личните данни,Правилник за изменение на Правилника за дейността на Комисията за защита на личните данни и на нейната администрация,amending,1.000,,2019-07-30,before_promulgation
title,pravilnik-za-deynostta-na-natsionalnata-agentsiya-za-otsenyavane-i-akreditatsiya,2005,19,14915,Министерски съвет,Постановление № 25 от 18 февруари 2005 г. за утвърждаване на Правилник за дейността на Националната агенция за оценяване и акредитация,adopting,1.000,,2021-01-12,before_promulgation
title,pravilnik-za-deynostta-na-natsionalniya-konsultativen-savet-za-mladezhta,2019,9,134210,Министерство на младежта и спорта,Правилник за дейността на Националния консултативен съвет за младежта,promulgation,1.000,,2019-08-09,before_promulgation
title,pravilnik-za-deynostta-na-natsionalnoto-byuro-za-kontrol-na-spetsialnite-razuzna,2014,13,82397,Национално бюро за контрол на специалните разузнавателни средства,Правилник за дейността на Националното бюро за контрол на специалните разузнавателни средства и неговата администрация,promulgation,1.000,,2016-10-04,before_promulgation
title,pravilnik-za-deynostta-na-pomiritelnata-komisiya-za-platezhni-sporove,2005,84,957,Българска народна банка,Правилник за дейността на Помирителната комисия за платежни спорове,promulgation,1.000,,2015-12-22,before_promulgation
title,pravilnik-za-deynostta-na-pomiritelnata-komisiya-za-platezhni-sporove,2010,1,28167,Българска народна банка,Правилник за дейността на Помирителната комисия за платежни спорове,promulgation,1.000,,2015-12-22,before_promulgation
title,pravilnik-za-deynostta-na-saveta-po-mezhdunarodno-osinovyavane,2009,76,25161,Министерство на правосъдието,Правилник за дейността на Съвета по международно осиновяване,promulgation,1.000,,2014-11-04,before_promulgation
title,pravilnik-za-deynostta-na-saveta-po-natsionalniya-radiochestoten-spektar,2003,109,123354,Министерски съвет,Постановление № 288 от 5 декември 2003 г. за приемане на Правилник за дейността на Съвета по националния радиочестотен спектър,adopting,1.000,,2023-06-09,before_promulgation
title,pravilnik-za-deynostta-na-saveta-po-natsionalniya-radiochestoten-spektar,2008,63,6281,Министерски съвет,"Постановление № 159 от 7 юли 2008 г. за изменение и допълнение на Правилника за дейността на Съвета по националния радиочестотен спектър, приет с Постановление № 288 на Министерския съвет от 2003 г.",amending,1.000,,2023-06-09,before_promulgation
title,pravilnik-za-deynostta-na-saveta-po-natsionalniya-radiochestoten-spektar,2011,107,60029,Министерски съвет,"Постановление № 370 от 29 декември 2011 г. за изменение и допълнение на Правилника за дейността на Съвета по националния радиочестотен спектър, приет с Постановление № 288 на Министерския съвет от 2003 г.",amending,1.000,,2023-06-09,before_promulgation
title,pravilnik-za-deynostta-organizatsiyata-na-rabota-i-sastav-na-baseynovite-direkts,2009,92,26859,Министерство на околната среда и водите,"Правилник за изменение и допълнение на Правилника за дейността, организацията на работа и състав на басейновите дирекции",amending,1.000,,2011-01-21,before_promulgation
title,pravilnik-za-nablyudenie-i-otsenka-na-nauchnoizsledovatelskata-deynost-osashtest,2015,72,97457,Министерство на образованието и науката,"Правилник за наблюдение и оценка на научноизследователската дейност, осъществявана от висшите училища и научните организации, както и на дейността на Фонд „Научни изследвания“",promulgation,1.000,,2024-12-17,before_promulgation
title,pravilnik-za-nablyudenie-i-otsenka-na-nauchnoizsledovatelskata-deynost-osashtest,2018,54,127573,Министерство на образованието и науката,"Правилник за наблюдение и оценка на научноизследователската дейност, осъществявана от висшите училища и научните организации, както и на дейността на Фонд „Научни изследвания“",promulgation,1.000,,2024-12-17,before_promulgation
title,pravilnik-za-organizatsiya-na-deynostta-na-visshiya-sadeben-savet-i-na-negovata-,2007,94,4416,Висш съдебен съвет,Правилник за организация на дейността на Висшия съдебен съвет и неговата администрация,promulgation,0.983,,2019-02-22,before_promulgation
title,pravilnik-za-organizatsiya-na-deynostta-na-visshiya-sadeben-savet-i-na-negovata-,2009,66,24321,Висш съдебен съвет,Правилник за организация на дейността на Висшия съдебен съвет и неговата администрация,promulgation,0.983,,2019-02-22,before_promulgation
title,pravilnik-za-organizatsiya-na-deynostta-na-visshiya-sadeben-savet-i-na-negovata-,2010,10,29239,Висш съдебен съвет,Правилник за изменение и допълнение на Правилника за организация на дейността на Висшия съдебен съвет и неговата администрация,amending,0.983,,2019-02-22,before_promulgation
title,pravilnik-za-organizatsiya-na-deynostta-na-visshiya-sadeben-savet-i-na-negovata-,2010,38,32897,Висш съдебен съвет,Правилник за изменение и допълнение на Правилника за организация на дейността на Висшия съдебен съвет и неговата администрация,amending,0.983,,2019-02-22,before_promulgation
title,pravilnik-za-organizatsiya-na-deynostta-na-visshiya-sadeben-savet-i-na-negovata-,2011,88,58198,Висш съдебен съвет,Правилник за организация на дейността на Висшия съдебен съвет и неговата администрация,promulgation,0.983,,2019-02-22,before_promulgation
title,pravilnik-za-organizatsiya-na-deynostta-na-visshiya-sadeben-savet-i-na-negovata-,2012,85,69879,Висш съдебен съвет,Правилник за организация на дейността на Висшия съдебен съвет и неговата администрация,promulgation,0.983,,2019-02-22,before_promulgation
title,pravilnik-za-organizatsiya-na-deynostta-na-visshiya-sadeben-savet-i-na-negovata-,2013,52,76548,Висш съдебен съвет,Правилник за изменение и допълнение на Правилника за организация на дейността на Висшия съдебен съвет и неговата администрация,amending,0.983,,2019-02-22,before_promulgation
title,pravilnik-za-organizatsiya-na-deynostta-na-visshiya-sadeben-savet-i-na-negovata-,2015,82,98130,Висш съдебен съвет,Правилник за изменение и допълнение на Правилника за организация на дейността на Висшия съдебен съвет и неговата администрация,amending,0.983,,2019-02-22,before_promulgation
title,pravilnik-za-organizatsiya-na-deynostta-na-visshiya-sadeben-savet-i-na-negovata-,2016,51,105098,Висш съдебен съвет,Правилник за организация на дейността на Висшия съдебен съвет и неговата администрация,promulgation,0.983,,2019-02-22,before_promulgation
title,pravilnik-za-organizatsiyata-i-deynostta-na-ekspertniya-savet-po-biotsidi,2008,10,4735,Министерство на здравеопазването,Правилник за организацията и дейността на Експертния съвет по биоциди,promulgation,1.000,,2017-11-14,before_promulgation
title,pravilnik-za-organizatsiyata-i-deynostta-na-mezhduvedomstvenata-komisiya-za-vazs,2007,40,3667,Министерски съвет,Постановление № 106 от 8 май 2007 г. за приемане на Правилник за организацията и дейността на Междуведомствената комисия за възстановяване и подпомагане към Министерския съвет,adopting,1.000,,2010-04-13,before_promulgation
title,pravilnik-za-organizatsiyata-i-deynostta-na-mezhduvedomstvenata-komisiya-za-vazs,2008,65,6507,Министерски съвет,"Постановление № 169 от 11 юли 2008 г. за допълнение на Правилника за организацията и дейността на Междуведомствената комисия за възстановяване и подпомагане към Министерския съвет, приет с Постановление № 106 на Министерския съвет от 2007 г.",amending,1.000,,2010-04-13,before_promulgation
title,pravilnik-za-organizatsiyata-i-deynostta-na-natsionalniya-savet-po-genetichni-re,2011,1,41953,Министерство на земеделието и храните,Правилник за организацията и дейността на Националния съвет по генетични ресурси в животновъдството,promulgation,1.000,,2021-01-15,before_promulgation
title,pravilnik-za-organizatsiyata-i-deynostta-na-natsionalniya-savet-po-turizam,2006,51,2102,Държавна агенция по туризъм,Правилник за организацията и дейността на Националния съвет по туризъм,promulgation,1.000,,2010-02-16,before_promulgation
title,pravilnik-za-organizatsiyata-i-deynostta-na-natsionalniya-savet-po-turizam,2006,75,2537,Държавна агенция по туризъм,Правилник за изменение и допълнение на Правилника за организацията и дейността на Националния съвет по туризъм,amending,1.000,,2010-02-16,before_promulgation
title,pravilnik-za-organizatsiyata-i-deynostta-na-natsionalniya-savet-po-turizam,2009,6,14448,Държавна агенция по туризъм,Правилник за изменение и допълнение на Правилника за организацията и дейността на Националния съвет по туризъм,amending,1.000,,2010-02-16,before_promulgation
title,pravilnik-za-organizatsiyata-i-deynostta-na-obshtestveniya-savet-po-pravata-na-p,2011,48,52735,Министерство на здравеопазването,Правилник за организацията и дейността на Обществения съвет по правата на пациента,promulgation,1.000,,2024-03-19,before_promulgation
title,pravilnik-za-organizatsiyata-i-deynostta-na-saveta-po-produktite-za-rastitelna-z,2005,87,990,Министерство на земеделието и горите,Правилник за организацията и дейността на Съвета по продуктите за растителна защита,promulgation,1.000,,2015-02-17,before_promulgation
title,pravilnik-za-organizatsiyata-i-deynostta-na-saveta-po-produktite-za-rastitelna-z,2008,62,5912,Министерство на земеделието и храните,Правилник за организацията и дейността на Съвета по продуктите за растителна защита,promulgation,1.000,,2015-02-17,before_promulgation
title,pravilnik-za-organizatsiyata-i-deynostta-na-saveta-po-produktite-za-rastitelna-z,2009,31,19369,Министерство на земеделието и храните,Правилник за изменение и допълнение на Правилника за организацията и дейността на Съвета по продуктите за растителна защита,amending,1.000,,2015-02-17,before_promulgation
title,pravilnik-za-organizatsiyata-i-deynostta-na-saveta-po-produktite-za-rastitelna-z,2012,54,66336,Министерство на земеделието и храните,Правилник за изменение и допълнение на Правилника за организацията и дейността на Съвета по продуктите за растителна защита,amending,1.000,,2015-02-17,before_promulgation
title,pravilnik-za-organizatsiyata-na-deynostta-na-inspektorata-kam-visshiya-sadeben-s,2009,63,23941,Инспекторат към Висшия съдебен съвет,Правилник за организацията на дейността на Инспектората към Висшия съдебен съвет и за дейността на администрацията и на експертите,promulgation,1.000,,2016-12-27,before_promulgation
title,pravilnik-za-organizatsiyata-na-deynostta-na-inspektorata-kam-visshiya-sadeben-s,2015,66,96885,Инспекторат към Висшия съдебен съвет,Правилник за организацията на дейността на Инспектората към Висшия съдебен съвет и за дейността на администрацията и на експертите,promulgation,1.000,,2016-12-27,before_promulgation
title,pravilnik-za-prilagane-na-zakona-za-chuzhdentsite-v-republika-balgariya,2004,15,21602,Министерски съвет,"Постановление № 33 от 17 февруари 2004 г. за изменение и допълнение на Правилника за прилагане на Закона за чужденците в Република България, приет с Постановление № 87 на Министерския съвет от 2000 г.",amending,1.000,,2011-07-05,before_promulgation
title,pravilnik-za-prilagane-na-zakona-za-chuzhdentsite-v-republika-balgariya,2004,87,18662,Министерски съвет,"Постановление № 260 от 24 септември 2004 г. за изменение на Правилника за прилагане на Закона за чужденците в Република България, приет с Постановление № 87 на Министерския съвет от 2000 г.",amending,1.000,,2011-07-05,before_promulgation
title,pravilnik-za-prilagane-na-zakona-za-chuzhdentsite-v-republika-balgariya,2006,2,1271,Министерски съвет,"Постановление № 296 от 28 декември 2005 г. за изменение на Правилника за прилагане на Закона за чужденците в Република България, приет с Постановление № 87 на Министерския съвет от 2000 г.",amending,1.000,,2011-07-05,before_promulgation
title,pravilnik-za-prilagane-na-zakona-za-danak-varhu-dobavenata-stoynost,2003,29,103935,Министерство на финансите,Правилник за изменение и допълнение на Правилника за прилагане на Закона за данък върху добавената стойност,amending,1.000,,2006-09-15,before_promulgation
title,pravilnik-za-prilagane-na-zakona-za-danak-varhu-dobavenata-stoynost,2004,26,21355,Министерство на финансите,Правилник за изменение и допълнение на Правилника за прилагане на Закона за данък върху добавената стойност,amending,1.000,,2006-09-15,before_promulgation
title,pravilnik-za-prilagane-na-zakona-za-danak-varhu-dobavenata-stoynost,2005,32,15194,Министерство на финансите,Правилник за изменение и допълнение на Правилника за прилагане на Закона за данък върху добавената стойност,amending,1.000,,2006-09-15,before_promulgation
title,pravilnik-za-prilagane-na-zakona-za-danak-varhu-dobavenata-stoynost,2006,9,1343,Министерство на финансите,Правилник за изменение и допълнение на Правилника за прилагане на Закона за данък върху добавената стойност,amending,1.000,,2006-09-15,before_promulgation
title,pravilnik-za-prilagane-na-zakona-za-darzhavnata-sobstvenost,2004,80,18777,Министерски съвет,"Постановление № 232 от 2 септември 2004 г. за изменение и допълнение на Правилника за прилагане на Закона за държавната собственост, приет с Постановление № 235 на Министерския съвет от 1996 г.",amending,1.000,,2006-09-26,before_promulgation
title,pravilnik-za-prilagane-na-zakona-za-darzhavnite-pomoshti,2003,68,114136,Министерски съвет,Постановление № 160 от 23 юли 2003 г. за приемане на Правилник за прилагане на Закона за държавните помощи,adopting,1.000,,2018-08-31,before_promulgation
title,pravilnik-za-prilagane-na-zakona-za-darzhavnite-pomoshti,2004,59,19748,Министерски съвет,Постановление № 117 от 4 юни 2004 г. за приемане на Правилник за прилагане на Закона за държавните помощи,adopting,1.000,,2018-08-31,before_promulgation
title,pravilnik-za-prilagane-na-zakona-za-darzhavnite-pomoshti,2005,31,15172,Министерски съвет,"Постановление № 57 от 30 март 2005 г. за изменение и допълнение на Правилника за прилагане на Закона за държавните помощи, приет с Постановление № 117 на Министерския съвет от 2004 г.",amending,1.000,,2018-08-31,before_promulgation
title,pravilnik-za-prilagane-na-zakona-za-darzhavnite-pomoshti,2006,30,1671,Министерски съвет,"Постановление № 71 от 3 април 2006 г. за изменение и допълнение на Правилника за прилагане на Закона за държавните помощи, приет с Постановление № 117 на Министерския съвет от 2004 г.",amending,1.000,,2018-08-31,before_promulgation
title,pravilnik-za-prilagane-na-zakona-za-darzhavnite-pomoshti,2007,26,3460,Министерски съвет,Постановление № 61 от 20 март 2007 г. за приемане на Правилник за прилагане на Закона за държавните помощи,adopting,1.000,,2018-08-31,before_promulgation
title,pravilnik-za-prilagane-na-zakona-za-darzhavnite-pomoshti,2007,97,4442,Министерски съвет,"Постановление № 273 от 15 ноември 2007 г. за изменение и допълнение на Правилника за прилагане на Закона за държавните помощи, приет с Постановление № 61 на Министерския съвет от 2007 г.",amending,1.000,,2018-08-31,before_promulgation
title,pravilnik-za-prilagane-na-zakona-za-darzhavnite-pomoshti,2009,10,15487,Министерски съвет,"Постановление № 14 от 23 януари 2009 г. за изменение и допълнение на Правилника за прилагане на Закона за държавните помощи, приет с Постановление № 61 на Министерския съвет от 2007 г.",amending,1.000,,2018-08-31,before_promulgation
title,pravilnik-za-prilagane-na-zakona-za-fizicheskoto-vazpitanie-i-sporta,2003,64,109143,Министерски съвет,Постановление № 151 от 11 юли 2003 г. за приемане на Правилник за прилагане на Закона за физическото възпитание и спорта,adopting,1.000,,2019-04-12,before_promulgation
title,pravilnik-za-prilagane-na-zakona-za-fizicheskoto-vazpitanie-i-sporta,2008,100,11441,Министерски съвет,"Постановление № 275 от 12 ноември 2008 г. за изменение и допълнение на Правилника за прилагане на Закона за физическото възпитание и спорта, приет с Постановление № 151 на Министерския съвет от 2003 г.",amending,1.000,,2019-04-12,before_promulgation
title,pravilnik-za-prilagane-na-zakona-za-fizicheskoto-vazpitanie-i-sporta,2011,3,42535,Министерски съвет,"Постановление № 335 от 29 декември 2010 г. за изменение и допълнение на Правилника за прилагане на Закона за физическото възпитание и спорта, приет с Постановление № 151 на Министерския съвет от 2003 г.",amending,1.000,,2019-04-12,before_promulgation
title,pravilnik-za-prilagane-na-zakona-za-fizicheskoto-vazpitanie-i-sporta,2012,84,69923,Министерски съвет,"Постановление № 265 от 25 октомври 2012 г. за изменение и допълнение на Правилника за прилагане на Закона за физическото възпитание и спорта, приет с Постановление № 151 на Министерския съвет от 2003 г.",amending,1.000,,2019-04-12,before_promulgation
title,pravilnik-za-prilagane-na-zakona-za-fizicheskoto-vazpitanie-i-sporta,2014,33,84138,Министерски съвет,"Постановление № 77 от 4 април 2014 г. за изменение и допълнение на Правилника за прилагане на Закона за физическото възпитание и спорта, приет с Постановление № 151 на Министерския съвет от 2003 г.",amending,1.000,,2019-04-12,before_promulgation
title,pravilnik-za-prilagane-na-zakona-za-fizicheskoto-vazpitanie-i-sporta,2015,54,95912,Министерски съвет,"Постановление № 178 от 13 юли 2015 г. за изменение и допълнение на Правилника за прилагане на Закона за физическото възпитание и спорта, приет с Постановление № 151 на Министерския съвет от 2003 г.",amending,1.000,,2019-04-12,before_promulgation
title,pravilnik-za-prilagane-na-zakona-za-fizicheskoto-vazpitanie-i-sporta,2017,34,113897,Министерски съвет,"Постановление № 80 от 24 април 2017 г. за изменение и допълнение на Правилника за прилагане на Закона за физическото възпитание и спорта, приет с Постановление № 151 на Министерския съвет от 2003 г.",amending,1.000,,2019-04-12,before_promulgation
title,pravilnik-za-prilagane-na-zakona-za-merkite-sreshtu-izpiraneto-na-pari,2003,71,115083,Министерски съвет,"Постановление № 176 от 5 август 2003 г. за допълнение на Правилника за прилагане на Закона за мерките срещу изпирането на пари, приет с Постановление № 223 на Министерския съвет от 1998 г.",amending,1.000,,2019-01-08,before_promulgation
title,pravilnik-za-prilagane-na-zakona-za-merkite-sreshtu-izpiraneto-na-pari,2006,65,2354,Министерски съвет,Постановление № 201 от 1 август 2006 г. за приемане на Правилник за прилагане на Закона за мерките срещу изпирането на пари,adopting,1.000,,2019-01-08,before_promulgation
title,pravilnik-za-prilagane-na-zakona-za-merkite-sreshtu-izpiraneto-na-pari,2007,108,4565,Министерски съвет,"Постановление № 301 от 10 декември 2007 г. за изменение и допълнение на Правилника за прилагане на Закона за мерките срещу изпирането на пари, приет с Постановление № 201 на Министерския съвет от 2006 г.",amending,1.000,,2019-01-08,before_promulgation
title,pravilnik-za-prilagane-na-zakona-za-merkite-sreshtu-izpiraneto-na-pari,2013,27,74123,Министерски съвет,"Постановление № 60 от 7 март 2013 г. за изменение и допълнение на Правилника за прилагане на Закона за мерките срещу изпирането на пари, приет с Постановление № 201 на Министерския съвет от 2006 г.",amending,1.000,,2019-01-08,before_promulgation
title,pravilnik-za-prilagane-na-zakona-za-merkite-sreshtu-izpiraneto-na-pari,2014,101,90370,Министерски съвет,"Постановление № 378 от 2 декември 2014 г. за допълнение на Правилника за прилагане на Закона за мерките срещу изпирането на пари, приет с Постановление № 201 на Министерския съвет от 2006 г.",amending,1.000,,2019-01-08,before_promulgation
title,pravilnik-za-prilagane-na-zakona-za-nasarchavane-na-investitsiite,2004,74,19153,Министерски съвет,Постановление № 213 от 11 август 2004 г. за приемане на Правилник за прилагане на Закона за насърчаване на инвестициите,adopting,1.000,,2007-09-21,before_promulgation
title,pravilnik-za-prilagane-na-zakona-za-nasarchavane-na-investitsiite,2005,34,15240,Министерски съвет,Постановление № 66 от 8 април 2005 г. за изменение и допълнение на Правилника за прилагане на Закона за насърчаване на инвестициите,amending,1.000,,2007-09-21,before_promulgation
title,pravilnik-za-prilagane-na-zakona-za-obshtestvenite-porachki,2004,84,18722,Министерски съвет,Постановление № 250 от 17 септември 2004 г. за приемане на Правилник за прилагане на Закона за обществените поръчки,adopting,1.000,,2016-04-08,before_promulgation
title,pravilnik-za-prilagane-na-zakona-za-obshtestvenite-porachki,2006,53,2128,Министерски съвет,Постановление № 150 от 21 юни 2006 г. за приемане на Правилник за прилагане на Закона за обществените поръчки,adopting,1.000,,2016-04-08,before_promulgation
title,pravilnik-za-prilagane-na-zakona-za-obshtestvenite-porachki,2011,27,47535,Министерски съвет,"Постановление № 72 от 24 март 2011 г. за допълнение на Правилника за прилагане на Закона за обществените поръчки, приет с Постановление № 150 на Министерския съвет от 2006 г.",amending,1.000,,2016-04-08,before_promulgation
title,pravilnik-za-prilagane-na-zakona-za-obshtestvenite-porachki,2014,104,90732,Министерски съвет,"Постановление № 415 от 15 декември 2014 г. за изменение и допълнение на Правилника за прилагане на Закона за обществените поръчки, приет с Постановление № 150 на Министерския съвет от 2006 г.",amending,1.000,,2016-04-08,before_promulgation
title,pravilnik-za-prilagane-na-zakona-za-otbranata-i-vaorazhenite-sili-na-republika-b,2009,44,22118,Министерски съвет,Постановление № 141 от 4 юни 2009 г. за приемане на Правилник за прилагане на Закона за отбраната и въоръжените сили на Република България,adopting,1.000,,2010-03-30,before_promulgation
title,pravilnik-za-prilagane-na-zakona-za-regionalnoto-razvitie,2008,80,8568,Министерски съвет,Постановление № 216 от 2 септември 2008 г. за приемане на Правилник за прилагане на Закона за регионалното развитие,adopting,1.000,,2020-08-07,before_promulgation
title,pravilnik-za-prilagane-na-zakona-za-regionalnoto-razvitie,2013,97,80163,Министерски съвет,"Постановление № 251 от 1 ноември 2013 г. за изменение на Правилника за прилагане на Закона за регионалното развитие, приет с Постановление № 216 на Министерския съвет от 2008 г.",amending,1.000,,2020-08-07,before_promulgation
title,pravilnik-za-prilagane-na-zakona-za-regionalnoto-razvitie,2016,50,105145,Министерски съвет,"Постановление № 153 от 24 юни 2016 г. за изменение и допълнение на Правилника за прилагане на Закона за регионалното развитие, приет с Постановление № 216 на Министерския съвет от 2008 г.",amending,1.000,,2020-08-07,before_promulgation
title,pravilnik-za-prilagane-na-zakona-za-voennata-politsiya,2011,63,55821,Министерски съвет,Постановление № 238 от 4 август 2011 г. за приемане на Правилник за прилагане на Закона за военната полиция,adopting,1.000,,2017-06-16,before_promulgation
title,pravilnik-za-prilagane-na-zakona-za-zashtita-na-litsa-zastrasheni-vav-vrazka-s-n,2005,75,837,Министерски съвет,"Постановление № 196 от 8 септември 2005 г. за приемане на Правилник за прилагане на Закона за защита на лица, застрашени във връзка с наказателно производство",adopting,1.000,,2018-11-13,before_promulgation
title,pravilnik-za-prilagane-na-zakona-za-zashtita-na-litsa-zastrasheni-vav-vrazka-s-n,2008,94,10291,Министерски съвет,"Постановление № 255 от 23 октомври 2008 г. за изменение и допълнение на Правилника за прилагане на Закона за защита на лица, застрашени във връзка с наказателно производство, приет с Постановление № 196 на Министерския съвет от 2005 г.",amending,1.000,,2018-11-13,before_promulgation
title,pravilnik-za-prilagane-na-zakona-za-zashtita-na-litsa-zastrasheni-vav-vrazka-s-n,2015,100,99531,Министерски съвет,"Постановление № 361 от 15 декември 2015 г. за приемане на Правилник за прилагане на Закона за защита на лица, застрашени във връзка с наказателно производство",adopting,1.000,,2018-11-13,before_promulgation
title,pravilnik-za-reda-za-vpisvane-i-vodene-na-tsentralniya-profesionalen-registar-na,2007,65,4054,Камара на строителите в България,Правилник за реда за вписване и водене на Централния професионален регистър на строителя,promulgation,1.000,,2017-12-15,before_promulgation
title,pravilnik-za-reda-za-vpisvane-i-vodene-na-tsentralniya-profesionalen-registar-na,2013,101,80404,Камара на строителите в България,Правилник за реда за вписване и водене на Централния професионален регистър на строителя,promulgation,1.000,,2017-12-15,before_promulgation
title,pravilnik-za-strukturata-organizatsiyata-i-deynostta-na-natsionalniya-savet-za-z,2003,95,123136,Министерски съвет,"Постановление № 232 от 21 октомври 2003 г. за изменение и допълнение на Правилника за структурата, организацията и дейността на Националния съвет за закрила на детето, приет с Постановление № 38 на Министерския съвет от 2001 г.",amending,1.000,,2006-12-27,before_promulgation
title,pravilnik-za-ustroystvoto-funktsiite-i-deynostta-na-darzhavno-predpriyatie-prist,2010,38,32862,"Министерство на транспорта, информационните технологии и съобщенията","Правилник за устройството, функциите и дейността на Държавно предприятие „Пристанищна инфраструктура“",promulgation,1.000,,2011-05-10,before_promulgation
title,pravilnik-za-ustroystvoto-i-deynostta-na-akademiyata-na-ministerstvoto-na-vatres,2011,40,50255,Министерство на вътрешните работи,Правилник за устройството и дейността на Академията на Министерството на вътрешните работи,promulgation,1.000,,2014-11-07,before_promulgation
title,pravilnik-za-ustroystvoto-i-deynostta-na-akademiyata-na-ministerstvoto-na-vatres,2014,93,89497,Министерство на вътрешните работи,Правилник за отменяне на Правилника за устройството и дейността на Академията на Министерството на вътрешните работи,repeal,1.000,,2014-11-07,chain_continues
title,pravilnik-za-ustroystvoto-i-deynostta-na-darzhavno-predpriyatie-fond-zatvorno-de,2003,48,106196,Министерски съвет,"Постановление № 106 от 13 май 2003 г. за приемане на Правилник за устройството и дейността на Държавно предприятие „Фонд затворно дело""",adopting,1.000,,2010-10-12,before_promulgation
title,pravilnik-za-ustroystvoto-i-deynostta-na-darzhavno-predpriyatie-fond-zatvorno-de,2005,95,1088,Министерски съвет,"Постановление № 246 от 18 ноември 2005 г. за допълнение на Правилника за устройството и дейността на Държавно предприятие “Фонд затворно дело”, приет с Постановление № 106 на Министерския съвет от 2003 г.",amending,1.000,,2010-10-12,before_promulgation
title,pravilnik-za-ustroystvoto-i-deynostta-na-darzhavno-predpriyatie-fond-zatvorno-de,2008,80,8621,Министерски съвет,"Постановление № 218 от 4 септември 2008 г. за изменение и допълнение на Правилника за устройството и дейността на Държавно предприятие “Фонд затворно дело”, приет с Постановление № 106 на Министерския съвет от 2003 г.",amending,1.000,,2010-10-12,before_promulgation
title,pravilnik-za-ustroystvoto-i-deynostta-na-darzhavno-predpriyatie-radioaktivni-otp,2010,79,37519,"Министерство на икономиката, енергетиката и туризма",Правилник за устройството и дейността на Държавно предприятие „Радиоактивни отпадъци“,promulgation,1.000,,2025-07-08,before_promulgation
title,pravilnik-za-ustroystvoto-i-deynostta-na-darzhavno-predpriyatie-radioaktivni-otp,2012,61,67296,"Министерство на икономиката, енергетиката и туризма",Правилник за устройството и дейността на Държавно предприятие „Радиоактивни отпадъци“,promulgation,1.000,,2025-07-08,before_promulgation
title,pravilnik-za-ustroystvoto-i-deynostta-na-darzhavno-predpriyatie-radioaktivni-otp,2013,21,73577,"Министерство на икономиката, енергетиката и туризма",Правилник за изменение и допълнение на Правилника за устройството и дейността на Държавно предприятие „Радиоактивни отпадъци“,amending,1.000,,2025-07-08,before_promulgation
title,pravilnik-za-ustroystvoto-i-deynostta-na-darzhavno-predpriyatie-radioaktivni-otp,2014,5,81745,Министерство на икономиката и енергетиката,Правилник за устройството и дейността на Държавно предприятие „Радиоактивни отпадъци“,promulgation,1.000,,2025-07-08,before_promulgation
title,pravilnik-za-ustroystvoto-i-deynostta-na-darzhavno-predpriyatie-radioaktivni-otp,2018,85,130665,Министерство на енергетиката,Правилник за устройството и дейността на Държавно предприятие „Радиоактивни отпадъци“,promulgation,1.000,,2025-07-08,before_promulgation
title,pravilnik-za-ustroystvoto-i-deynostta-na-direktsiite-na-natsionalnite-parkove,2009,92,26858,Министерство на околната среда и водите,Правилник за изменение и допълнение на Правилника за устройството и дейността на дирекциите на националните паркове,amending,1.000,,2013-03-19,before_promulgation
title,pravilnik-za-ustroystvoto-i-deynostta-na-direktsiite-na-natsionalnite-parkove,2011,103,59697,Министерство на околната среда и водите,Правилник за изменение и допълнение на Правилника за устройството и дейността на дирекциите на националните паркове,amending,1.000,,2013-03-19,before_promulgation
title,pravilnik-za-ustroystvoto-i-deynostta-na-direktsiite-na-natsionalnite-parkove,2012,29,63257,Министерство на околната среда и водите,Правилник за допълнение на Правилника за устройството и дейността на дирекциите на националните паркове,amending,1.000,,2013-03-19,before_promulgation
title,pravilnik-za-ustroystvoto-i-deynostta-na-garantsionniya-fond,2004,31,21242,Комисия за финансов надзор,Правилник за устройството и дейността на Гаранционния фонд,promulgation,1.000,,2021-08-27,before_promulgation
title,pravilnik-za-ustroystvoto-i-deynostta-na-garantsionniya-fond,2005,20,15001,Комисия за финансов надзор,Правилник за устройството и дейността на Гаранционния фонд,promulgation,1.000,,2021-08-27,before_promulgation
title,pravilnik-za-ustroystvoto-i-deynostta-na-garantsionniya-fond,2006,74,2515,Комисия за финансов надзор,Правилник за устройството и дейността на Гаранционния фонд,promulgation,1.000,,2021-08-27,before_promulgation
title,pravilnik-za-ustroystvoto-i-deynostta-na-garantsionniya-fond,2007,40,3673,Комисия за финансов надзор,Правилник за изменение и допълнение на Правилника за устройството и дейността на Гаранционния фонд,amending,1.000,,2021-08-27,before_promulgation
title,pravilnik-za-ustroystvoto-i-deynostta-na-garantsionniya-fond,2009,6,14293,Комисия за финансов надзор,Правилник за изменение и допълнение на Правилника за устройството и дейността на Гаранционния фонд,amending,1.000,,2021-08-27,before_promulgation
title,pravilnik-za-ustroystvoto-i-deynostta-na-informatsionniya-tsentar-na-ministerstv,2014,13,82485,Министерство на отбраната,Правилник за устройството и дейността на Информационния център на Министерството на отбраната,promulgation,1.000,,2024-03-01,before_promulgation
title,pravilnik-za-ustroystvoto-i-deynostta-na-informatsionniya-tsentar-na-ministerstv,2015,44,95132,Министерство на отбраната,Правилник за устройството и дейността на Информационния център на Министерството на отбраната,promulgation,1.000,,2024-03-01,before_promulgation
title,pravilnik-za-ustroystvoto-i-deynostta-na-informatsionniya-tsentar-na-ministerstv,2017,71,117417,Министерство на отбраната,Правилник за изменение и допълнение на Правилника за устройството и дейността на Информационния център на Министерството на отбраната,amending,1.000,,2024-03-01,before_promulgation
title,pravilnik-za-ustroystvoto-i-deynostta-na-informatsionniya-tsentar-na-ministerstv,2019,23,135616,Министерство на отбраната,Правилник за устройството и дейността на Информационния център на Министерството на отбраната,promulgation,1.000,,2024-03-01,before_promulgation
title,pravilnik-za-ustroystvoto-i-deynostta-na-informatsionniya-tsentar-na-ministerstv,2022,10,168571,Министерство на отбраната,Правилник за изменение и допълнение на Правилника за устройството и дейността на Информационния център на Министерството на отбраната,amending,1.000,,2024-03-01,before_promulgation
title,pravilnik-za-ustroystvoto-i-deynostta-na-informatsionniya-tsentar-na-ministerstv,2022,78,178390,Министерство на отбраната,Правилник за изменение и допълнение на Правилника за устройството и дейността на Информационния център на Министерството на отбраната,amending,1.000,,2024-03-01,before_promulgation
title,pravilnik-za-ustroystvoto-i-deynostta-na-instituta-po-psihologiya-na-ministerstv,2016,44,104294,Министерство на вътрешните работи,Правилник за устройството и дейността на Института по психология на Министерството на вътрешните работи,promulgation,1.000,,2025-03-14,before_promulgation
title,pravilnik-za-ustroystvoto-i-deynostta-na-instituta-po-psihologiya-na-ministerstv,2018,16,122866,Министерство на вътрешните работи,Правилник за устройството и дейността на Института по психология на Министерството на вътрешните работи,promulgation,1.000,,2025-03-14,before_promulgation
title,pravilnik-za-ustroystvoto-i-deynostta-na-instituta-po-psihologiya-na-ministerstv,2021,7,155189,Министерство на вътрешните работи,Правилник за устройството и дейността на Института по психология на Министерството на вътрешните работи,promulgation,1.000,,2025-03-14,before_promulgation
title,pravilnik-za-ustroystvoto-i-deynostta-na-komendantstvo-mo,2010,89,39473,Министерство на отбраната,Правилник за устройството и дейността на Комендантство – МО,promulgation,1.000,,2011-06-21,before_promulgation
title,pravilnik-za-ustroystvoto-i-deynostta-na-komisiyata-za-finansov-nadzor-i-na-neyn,2016,67,106817,Комисия за финансов надзор,Правилник за устройството и дейността на Комисията за финансов надзор и на нейната администрация,promulgation,1.000,,2017-07-04,before_promulgation
title,pravilnik-za-ustroystvoto-i-deynostta-na-muzey-boris-hristov-sofiya,2012,39,64543,Министерство на културата,Правилник за устройството и дейността на музей „Борис Христов“ – София,promulgation,1.000,,2016-07-08,before_promulgation
title,pravilnik-za-ustroystvoto-i-deynostta-na-natsionalnata-sluzhba-za-saveti-v-zemed,2006,58,2232,Министерство на земеделието и горите,Правилник за изменение и допълнение на Правилника за устройството и дейността на Националната служба за съвети в земеделието,amending,1.000,,2022-03-29,before_promulgation
title,pravilnik-za-ustroystvoto-i-deynostta-na-natsionalnata-sluzhba-za-saveti-v-zemed,2008,79,8510,Министерство на земеделието и храните,Правилник за изменение и допълнение на Правилника за устройството и дейността на Националната служба за съвети в земеделието,amending,1.000,,2022-03-29,before_promulgation
title,pravilnik-za-ustroystvoto-i-deynostta-na-natsionalnata-sluzhba-za-saveti-v-zemed,2009,35,20105,Министерство на земеделието и храните,Правилник за изменение и допълнение на Правилника за устройството и дейността на Националната служба за съвети в земеделието,amending,1.000,,2022-03-29,before_promulgation
title,pravilnik-za-ustroystvoto-i-deynostta-na-natsionalnata-sluzhba-za-saveti-v-zemed,2011,78,57117,Министерство на земеделието и храните,Правилник за изменение и допълнение на Правилника за устройството и дейността на Националната служба за съвети в земеделието,amending,1.000,,2022-03-29,before_promulgation
title,pravilnik-za-ustroystvoto-i-deynostta-na-natsionalnata-sluzhba-za-saveti-v-zemed,2012,65,67852,Министерство на земеделието и храните,Правилник за изменение и допълнение на Правилника за устройството и дейността на Националната служба за съвети в земеделието,amending,1.000,,2022-03-29,before_promulgation
title,pravilnik-za-ustroystvoto-i-deynostta-na-natsionalnata-sluzhba-za-saveti-v-zemed,2015,34,94309,Министерство на земеделието и храните,Правилник за изменение и допълнение на Правилника за устройството и дейността на Националната служба за съвети в земеделието,amending,1.000,,2022-03-29,before_promulgation
title,pravilnik-za-ustroystvoto-i-deynostta-na-natsionalnata-zdravnoosiguritelna-kasa,2003,9,100334,Национална здравноосигурителна каса,Правилник за изменение и допълнение на Правилника за устройството и дейността на Националната здравноосигурителна каса,amending,1.000,,2019-03-05,before_promulgation
title,pravilnik-za-ustroystvoto-i-deynostta-na-natsionalnata-zdravnoosiguritelna-kasa,2003,49,106207,Национална здравноосигурителна каса,Правилник за изменение и допълнение на Правилника за устройството и дейността на Националната здравноосигурителна каса,amending,1.000,,2019-03-05,before_promulgation
title,pravilnik-za-ustroystvoto-i-deynostta-na-natsionalnata-zdravnoosiguritelna-kasa,2004,60,19773,Национална здравноосигурителна каса,Правилник за допълнение на Правилника за устройството и дейността на Националната здравноосигурителна каса,amending,1.000,,2019-03-05,before_promulgation
title,pravilnik-za-ustroystvoto-i-deynostta-na-natsionalnata-zdravnoosiguritelna-kasa,2005,59,622,Национална здравноосигурителна каса,Правилник за изменение и допълнение на Правилника за устройството и дейността на Националната здравноосигурителна каса,amending,1.000,,2019-03-05,before_promulgation
title,pravilnik-za-ustroystvoto-i-deynostta-na-natsionalnata-zdravnoosiguritelna-kasa,2010,27,31667,Национална здравноосигурителна каса,Правилник за устройството и дейността на Националната здравноосигурителна каса,promulgation,1.000,,2019-03-05,before_promulgation
title,pravilnik-za-ustroystvoto-i-deynostta-na-natsionalnata-zdravnoosiguritelna-kasa,2010,75,37050,Национална здравноосигурителна каса,Правилник за изменение и допълнение на Правилника за устройството и дейността на Националната здравноосигурителна каса,amending,1.000,,2019-03-05,before_promulgation
title,pravilnik-za-ustroystvoto-i-deynostta-na-natsionalnata-zdravnoosiguritelna-kasa,2011,7,43141,Национална здравноосигурителна каса,Правилник за изменение и допълнение на Правилника за устройството и дейността на Националната здравноосигурителна каса,amending,1.000,,2019-03-05,before_promulgation
title,pravilnik-za-ustroystvoto-i-deynostta-na-natsionalnata-zdravnoosiguritelna-kasa,2012,53,66384,Национална здравноосигурителна каса,Правилник за устройството и дейността на Националната здравноосигурителна каса,promulgation,1.000,,2019-03-05,before_promulgation
title,pravilnik-za-ustroystvoto-i-deynostta-na-natsionalnata-zdravnoosiguritelna-kasa,2013,68,77883,Национална здравноосигурителна каса,Правилник за изменение и допълнение на Правилника за устройството и дейността на Националната здравноосигурителна каса,amending,1.000,,2019-03-05,before_promulgation
title,pravilnik-za-ustroystvoto-i-deynostta-na-natsionalnata-zdravnoosiguritelna-kasa,2013,79,78626,Национална здравноосигурителна каса,Правилник за устройството и дейността на Националната здравноосигурителна каса,promulgation,1.000,,2019-03-05,before_promulgation
title,pravilnik-za-ustroystvoto-i-deynostta-na-natsionalnata-zdravnoosiguritelna-kasa,2018,104,132689,Национална здравноосигурителна каса,Правилник за изменение и допълнение на Правилника за устройството и дейността на Националната здравноосигурителна каса,amending,1.000,,2019-03-05,before_promulgation
title,pravilnik-za-ustroystvoto-i-deynostta-na-natsionalniya-dvorets-na-detsata,2004,77,19124,Министерство на образованието и науката,Правилник за устройството и дейността на Националния дворец на децата,promulgation,1.000,,2017-02-24,before_promulgation
title,pravilnik-za-ustroystvoto-i-deynostta-na-natsionalniya-dvorets-na-detsata,2011,29,47935,"Министерство на образованието, младежта и науката",Правилник за допълнение на Правилника за устройството и дейността на Националния дворец на децата,amending,1.000,,2017-02-24,before_promulgation
title,pravilnik-za-ustroystvoto-i-deynostta-na-natsionalniya-institut-za-pomirenie-i-a,2003,35,104481,Министерство на труда и социалната политика,Правилник за устройството и дейността на Националния институт за помирение и арбитраж,promulgation,1.000,,2022-07-23,before_promulgation
title,pravilnik-za-ustroystvoto-i-deynostta-na-natsionalniya-institut-za-pomirenie-i-a,2005,29,15153,Министерство на труда и социалната политика,Правилник за изменение и допълнение на Правилника за устройството и дейността на Националния институт за помирение и арбитраж,amending,1.000,,2022-07-23,before_promulgation
title,pravilnik-za-ustroystvoto-i-deynostta-na-natsionalniya-institut-za-pomirenie-i-a,2010,20,30691,Министерство на труда и социалната политика,Правилник за изменение на Правилника за устройството и дейността на Националния институт по помирение и арбитраж,amending,0.976,,2022-07-23,before_promulgation
title,pravilnik-za-ustroystvoto-i-deynostta-na-natsionalniya-institut-za-pomirenie-i-a,2012,29,63350,Министерство на труда и социалната политика,Правилник за изменение и допълнение на Правилника за устройството и дейността на Националния институт за помирение и арбитраж,amending,1.000,,2022-07-23,before_promulgation
title,pravilnik-za-ustroystvoto-i-deynostta-na-natsionalniya-institut-za-pomirenie-i-a,2012,59,67038,Министерство на труда и социалната политика,Правилник за изменение на Правилника за устройството и дейността на Националния институт за помирение и арбитраж,amending,1.000,,2022-07-23,before_promulgation
title,pravilnik-za-ustroystvoto-i-deynostta-na-natsionalniya-institut-za-pomirenie-i-a,2013,95,79949,Министерство на труда и социалната политика,Правилник за изменение и допълнение на Правилника за устройството и дейността на Националния институт за помирение и арбитраж,amending,1.000,,2022-07-23,before_promulgation
title,pravilnik-za-ustroystvoto-i-deynostta-na-natsionalniya-institut-za-pomirenie-i-a,2014,39,84568,Министерство на труда и социалната политика,Правилник за изменение на Правилника за устройството и дейността на Националния институт за помирение и арбитраж,amending,1.000,,2022-07-23,before_promulgation
title,pravilnik-za-ustroystvoto-i-deynostta-na-natsionalniya-meditsinski-koordinatsion,2004,94,18562,Министерство на здравеопазването,Правилник за устройството и дейността на Националния медицински координационен център,promulgation,1.000,,2006-10-06,before_promulgation
title,pravilnik-za-ustroystvoto-i-deynostta-na-natsionalniya-tsentar-po-obshtestveno-z,2011,61,55717,Министерство на здравеопазването,Правилник за устройството и дейността на Националния център по обществено здраве и анализи,promulgation,1.000,,2015-07-17,before_promulgation
title,pravilnik-za-ustroystvoto-i-deynostta-na-natsionalniya-tsentar-po-obshtestveno-z,2014,66,87019,Министерство на здравеопазването,Правилник за изменение и допълнение на Правилника за устройството и дейността на Националния център по обществено здраве и анализи,amending,1.000,,2015-07-17,before_promulgation
title,pravilnik-za-ustroystvoto-i-deynostta-na-natsionalniya-tsentar-po-radiobiologiya,2005,35,15289,Министерство на здравеопазването,Правилник за устройството и дейността на Националния център по радиобиология и радиационна защита,promulgation,1.000,,2017-03-10,before_promulgation
title,pravilnik-za-ustroystvoto-i-deynostta-na-natsionalniya-tsentar-po-zarazni-i-para,2005,36,15303,Министерство на здравеопазването,Правилник за устройството и дейността на Националния център по заразни и паразитни болести,promulgation,1.000,,2025-07-15,before_promulgation
title,pravilnik-za-ustroystvoto-i-deynostta-na-natsionalniya-tsentar-za-informatsiya-i,2005,22,15026,Министерство на образованието и науката,Правилник за устройството и дейността на Националния център за информация и документация,promulgation,1.000,,2024-09-17,before_promulgation
title,pravilnik-za-ustroystvoto-i-deynostta-na-natsionalniya-tsentar-za-informatsiya-i,2007,100,4488,Министерство на образованието и науката,Правилник за изменение и допълнение на Правилника за устройството и дейността на Националния център за информация и документация,amending,1.000,,2024-09-17,before_promulgation
title,pravilnik-za-ustroystvoto-i-deynostta-na-natsionalniya-tsentar-za-informatsiya-i,2008,85,9041,Министерство на образованието и науката,Правилник за изменение и допълнение на Правилника за устройството и дейността на Националния център за информация и документация,amending,1.000,,2024-09-17,before_promulgation
title,pravilnik-za-ustroystvoto-i-deynostta-na-natsionalniya-tsentar-za-informatsiya-i,2012,25,62832,"Министерство на образованието, младежта и науката",Правилник за устройството и дейността на Националния център за информация и документация,promulgation,1.000,,2024-09-17,before_promulgation
title,pravilnik-za-ustroystvoto-i-deynostta-na-natsionalniya-tsentar-za-informatsiya-i,2012,55,66491,"Министерство на образованието, младежта и науката",Правилник за изменение и допълнение на Правилника за устройството и дейността на Националния център за информация и документация,amending,1.000,,2024-09-17,before_promulgation
title,pravilnik-za-ustroystvoto-i-deynostta-na-natsionalniya-tsentar-za-informatsiya-i,2016,100,110145,Министерство на образованието и науката,Правилник за изменение и допълнение на Правилника за устройството и дейността на Националния център за информация и документация,amending,1.000,,2024-09-17,before_promulgation
title,pravilnik-za-ustroystvoto-i-deynostta-na-natsionalniya-tsentar-za-informatsiya-i,2018,59,128522,Министерство на образованието и науката,Правилник за устройството и дейността на Националния център за информация и документация,promulgation,1.000,,2024-09-17,before_promulgation
title,pravilnik-za-ustroystvoto-i-deynostta-na-natsionalniya-tsentar-za-informatsiya-i,2019,84,142246,Министерство на образованието и науката,Правилник за изменение и допълнение на Правилника за устройството и дейността на Националния център за информация и документация,amending,1.000,,2024-09-17,before_promulgation
title,pravilnik-za-ustroystvoto-i-deynostta-na-natsionalniya-tsentar-za-informatsiya-i,2020,21,146762,Министерство на образованието и науката,Правилник за изменение и допълнение на Правилника за устройството и дейността на Националния център за информация и документация,amending,1.000,,2024-09-17,before_promulgation
title,pravilnik-za-ustroystvoto-i-deynostta-na-natsionalniya-voenen-universitet-vasil-,2003,83,117521,Министерски съвет,"Постановление № 200 от 11 септември 2003 г. за приемане на Правилник за устройството и дейността на Националния военен университет „Васил Левски""",adopting,1.000,,2020-07-17,before_promulgation
title,pravilnik-za-ustroystvoto-i-deynostta-na-natsionalniya-voenen-universitet-vasil-,2005,56,544,Министерски съвет,"Постановление № 132 от 29 юни 2005 г. за изменение и допълнение на Правилника за устройството и дейността на Националния военен университет “Васил Левски”, приет с Постановление № 200 на Министерския съвет от 2003 г.",amending,1.000,,2020-07-17,before_promulgation
title,pravilnik-za-ustroystvoto-i-deynostta-na-natsionalniya-voenen-universitet-vasil-,2020,62,149744,Министерски съвет,"Постановление № 152 от 9 юли 2020 г. за отменяне на Правилника за устройството и дейността на Националния военен университет „Васил Левски“, приет с Постановление № 200 на Министерския съвет от 2003 г.",repeal,1.000,,2020-07-17,before_promulgation
title,pravilnik-za-ustroystvoto-i-deynostta-na-natsionalniya-voennoistoricheski-muzey,2010,26,31443,Министерство на отбраната,Правилник за изменение и допълнение на Правилника за устройството и дейността на Националния военноисторически музей,amending,1.000,,2023-03-17,before_promulgation
title,pravilnik-za-ustroystvoto-i-deynostta-na-natsionalniya-voennoistoricheski-muzey,2011,14,44295,Министерство на отбраната,Правилник за изменение и допълнение на Правилника за устройството и дейността на Националния военноисторически музей,amending,1.000,,2023-03-17,before_promulgation
title,pravilnik-za-ustroystvoto-i-deynostta-na-natsionalniya-voennoistoricheski-muzey,2013,63,77444,Министерство на отбраната,Правилник за изменение на Правилника за устройството и дейността на Националния военноисторически музей,amending,1.000,,2023-03-17,before_promulgation
title,pravilnik-za-ustroystvoto-i-deynostta-na-natsionalniya-voennoistoricheski-muzey,2017,65,116834,Министерство на отбраната,Правилник за изменение и допълнение на Правилника за устройството и дейността на Националния военноисторически музей,amending,1.000,,2023-03-17,before_promulgation
title,pravilnik-za-ustroystvoto-i-deynostta-na-predpriyatieto-za-upravlenie-na-deynost,2003,3,100263,Министерски съвет,Постановление № 319 от 29 декември 2002 г. за приемане на Правилник за устройството и дейността на Предприятието за управление на дейностите по опазване на околната среда,adopting,1.000,,2012-04-27,before_promulgation
title,pravilnik-za-ustroystvoto-i-deynostta-na-regionalnite-inspektsii-po-okolnata-sre,2004,65,19536,Министерство на околната среда и водите,Правилник за устройството и дейността на регионалните инспекции по околната среда и водите,promulgation,1.000,,2018-06-12,before_promulgation
title,pravilnik-za-ustroystvoto-i-deynostta-na-regionalnite-inspektsii-po-okolnata-sre,2009,92,26835,Министерство на околната среда и водите,Правилник за изменение и допълнение на Правилника за устройството и дейността на регионалните инспекции по околната среда и водите,amending,1.000,,2018-06-12,before_promulgation
title,pravilnik-za-ustroystvoto-i-deynostta-na-regionalnite-inspektsii-po-okolnata-sre,2009,103,27887,Министерство на околната среда и водите,Правилник за изменение и допълнение на Правилника за устройството и дейността на регионалните инспекции по околната среда и водите,amending,1.000,,2018-06-12,before_promulgation
title,pravilnik-za-ustroystvoto-i-deynostta-na-regionalnite-inspektsii-po-okolnata-sre,2011,103,59696,Министерство на околната среда и водите,Правилник за устройството и дейността на регионалните инспекции по околната среда и водите,promulgation,1.000,,2018-06-12,before_promulgation
title,pravilnik-za-ustroystvoto-i-deynostta-na-regionalnite-inspektsii-po-okolnata-sre,2012,29,63255,Министерство на околната среда и водите,Правилник за допълнение на Правилника за устройството и дейността на регионалните инспекции по околната среда и водите,amending,1.000,,2018-06-12,before_promulgation
title,pravilnik-za-ustroystvoto-i-deynostta-na-regionalnite-inspektsii-po-okolnata-sre,2012,58,66804,Министерство на околната среда и водите,Правилник за изменение и допълнение на Правилника за устройството и дейността на регионалните инспекции по околната среда и водите,amending,1.000,,2018-06-12,before_promulgation
title,pravilnik-za-ustroystvoto-i-deynostta-na-tsentara-za-razvitie-na-choveshkite-res,2006,100,2948,Министерство на образованието и науката,Правилник за устройството и дейността на центъра за развитие на човешките ресурси,promulgation,1.000,,2013-12-13,before_promulgation
title,pravilnik-za-ustroystvoto-i-deynostta-na-tsentara-za-razvitie-na-choveshkite-res,2010,8,28934,"Министерство на образованието, младежта и науката",Правилник за устройството и дейността на Центъра за развитие на човешките ресурси,promulgation,1.000,,2013-12-13,before_promulgation
title,pravilnik-za-ustroystvoto-i-deynostta-na-tsentralnoto-voenno-okrazhie,2014,13,82524,Министерство на отбраната,Правилник за устройството и дейността на Централното военно окръжие,promulgation,1.000,,2022-06-28,before_promulgation
title,pravilnik-za-ustroystvoto-i-deynostta-na-tsentralnoto-voenno-okrazhie,2018,65,128997,Министерство на отбраната,Правилник за устройството и дейността на Централното военно окръжие,promulgation,1.000,,2022-06-28,before_promulgation
title,pravilnik-za-ustroystvoto-i-deynostta-na-tsentralnoto-voenno-okrazhie,2019,38,137272,Министерство на отбраната,Правилник за устройството и дейността на Централното военно окръжие,promulgation,1.000,,2022-06-28,before_promulgation
title,pravilnik-za-ustroystvoto-i-deynostta-na-vissheto-voennomorsko-uchilishte-nikola,2003,83,117522,Министерски съвет,"Постановление № 201 от 11 септември 2003 г. за приемане на Правилник за устройството и дейността на Висшето военноморско училище „Никола Йонков Вапцаров""",adopting,1.000,,2018-11-06,before_promulgation
title,pravilnik-za-ustroystvoto-i-deynostta-na-vissheto-voennomorsko-uchilishte-nikola,2005,58,591,Министерски съвет,"Постановление № 146 от 7 юли 2005 г. за изменение и допълнение на Правилника за устройството и дейността на Висшето военноморско училище “Никола Йонков Вапцаров”, приет с Постановление № 201 на Министерския съвет от 2003 г.",amending,1.000,,2018-11-06,before_promulgation
title,pravilnik-za-ustroystvoto-i-deynostta-na-vissheto-voennomorsko-uchilishte-nikola,2018,92,131593,Министерски съвет,"Постановление № 234 от 1 ноември 2018 г. за отменяне на Правилника за устройството и дейността на Висшето военноморско училище „Никола Йонков Вапцаров“, приет с Постановление № 201 на Министерския съвет от 2003 г.",repeal,1.000,,2018-11-06,promulgation_issue
title,pravilnik-za-ustroystvoto-i-deynostta-na-visshiya-konsultativen-savet-po-vodite,2011,35,48836,Министерство на околната среда и водите,Правилник за изменение и допълнение на Правилника за устройството и дейността на Висшия консултативен съвет по водите,amending,1.000,,2021-10-15,before_promulgation
title,pravilnik-za-ustroystvoto-i-deynostta-na-visshiya-konsultativen-savet-po-vodite,2012,78,69136,Министерство на околната среда и водите,Правилник за изменение и допълнение на Правилника за устройството и дейността на Висшия консултативен съвет по водите,amending,1.000,,2021-10-15,before_promulgation
title,pravilnik-za-ustroystvoto-i-deynostta-na-visshiya-konsultativen-savet-po-vodite,2013,42,75544,Министерство на околната среда и водите,Правилник за изменение и допълнение на Правилника за устройството и дейността на Висшия консултативен съвет по водите,amending,1.000,,2021-10-15,before_promulgation
title,pravilnik-za-ustroystvoto-i-deynostta-na-voenna-akademiya-georgi-stoykov-rakovsk,2013,77,78541,Министерски съвет,Постановление № 187 от 27 август 2013 г. за приемане на Правилник за устройството и дейността на Военна академия „Георги Стойков Раковски“,adopting,1.000,,2019-06-04,before_promulgation
title,pravilnik-za-ustroystvoto-i-deynostta-na-voenna-akademiya-georgi-stoykov-rakovsk,2019,41,137694,Министерски съвет,"Постановление № 120 от 16 май 2019 г. за отменяне на Правилника за устройството и дейността на Военна академия „Георги Стойков Раковски“, приет с Постановление № 187 на Министерския съвет от 2013 г.",repeal,1.000,,2019-06-04,before_promulgation
title,pravilnik-za-ustroystvoto-i-deynostta-na-voennomeditsinskata-akademiya,2012,43,65183,Министерски съвет,"Постановление № 106 от 1 юни 2012 г. за изменение и допълнение на Правилника за устройството и дейността на Военномедицинската академия, приет с Постановление № 168 на Министерския съвет от 2009 г.",amending,1.000,,2018-12-28,before_promulgation
title,pravilnik-za-ustroystvoto-i-deynostta-na-voennomeditsinskata-akademiya,2013,5,72027,Министерски съвет,"Постановление № 8 от 10 януари 2013 г. за изменение на Правилника за устройството и дейността на Военномедицинската академия, приет с Постановление № 168 на Министерския съвет от 2009 г.",amending,1.000,,2018-12-28,before_promulgation
title,pravilnik-za-ustroystvoto-i-deynostta-na-voennomeditsinskata-akademiya,2014,2,81599,Министерски съвет,"Постановление № 308 от 21 декември 2013 г. за изменение на Правилника за устройството и дейността на Военномедицинската академия, приет с Постановление № 168 на Министерския съвет от 2009 г.",amending,1.000,,2018-12-28,before_promulgation
title,pravilnik-za-ustroystvoto-i-deynostta-na-voennomeditsinskata-akademiya,2014,76,87798,Министерски съвет,"Постановление № 278 от 4 септември 2014 г. за изменение и допълнение на Правилника за устройството и дейността на Военномедицинската академия, приет с Постановление № 168 на Министерския съвет от 2009 г.",amending,1.000,,2018-12-28,before_promulgation
title,pravilnik-za-ustroystvoto-i-deynostta-na-voennomeditsinskata-akademiya,2015,6,91322,Министерски съвет,"Постановление № 3 от 15 януари 2015 г. за допълнение на Правилника за устройството и дейността на Военномедицинската академия, приет с Постановление № 168 на Министерския съвет от 2009 г.",amending,1.000,,2018-12-28,before_promulgation
title,pravilnik-za-ustroystvoto-i-deynostta-na-voennomeditsinskata-akademiya,2016,96,109486,Министерски съвет,Постановление № 312 от 21 ноември 2016 г. за приемане на Правилник за устройството и дейността на Военномедицинската академия,adopting,1.000,,2018-12-28,before_promulgation
title,pravilnik-za-ustroystvoto-i-deynostta-na-voennomeditsinskata-akademiya,2018,108,133397,Министерски съвет,"Постановление № 346 от 21 декември 2018 г. за отмяна на Правилника за устройството и дейността на Военномедицинската академия, приет с Постановление № 312 на Министерския съвет от 2016 г.",repeal,1.000,,2018-12-28,chain_continues
title,semeen-kodeks,2003,63,109120,Народно събрание,Закон за изменение и допълнение на Семейния кодекс,amending,1.000,,2009-06-23,before_promulgation
title,ustroystven-pravilnik-na-agentsiya-mitnitsi,2004,64,19559,Министерски съвет,"Постановление № 167 от 15 юли 2004 г. за изменение и допълнение на Устройствения правилник на Агенция “Митници”, приет с Постановление № 1 на Министерския съвет от 2001 г.",amending,1.000,,2021-07-16,before_promulgation
title,ustroystven-pravilnik-na-agentsiya-mitnitsi,2005,3,14662,Министерски съвет,"Постановление № 361 от 29 декември 2004 г. за изменение на Устройствения правилник на Агенция “Митници”, приет с Постановление № 1 на Министерския съвет от 2001 г.",amending,1.000,,2021-07-16,before_promulgation
title,ustroystven-pravilnik-na-agentsiya-mitnitsi,2007,11,3223,Министерски съвет,"Постановление № 14 от 22 януари 2007 г. за изменение на Устройствения правилник на Агенция “Митници”, приет с Постановление № 1 на Министерския съвет от 2001 г.",amending,1.000,,2021-07-16,before_promulgation
title,ustroystven-pravilnik-na-agentsiya-mitnitsi,2007,87,4362,Министерски съвет,"Постановление № 257 от 23 октомври 2007 г. за изменение и допълнение на Устройствения правилник на Агенция “Митници”, приет с Постановление № 1 на Министерския съвет от 2001 г.",amending,1.000,,2021-07-16,before_promulgation
title,ustroystven-pravilnik-na-agentsiya-mitnitsi,2009,4,14177,Министерски съвет,"Постановление № 344 от 30 декември 2008 г. за изменение и допълнение на Устройствения правилник на Агенция “Митници”, приет с Постановление № 1 на Министерския съвет от 2001 г.",amending,1.000,,2021-07-16,before_promulgation
title,ustroystven-pravilnik-na-agentsiya-mitnitsi,2009,81,25727,Министерски съвет,"Постановление № 241 от 7 октомври 2009 г. за изменение и допълнение на Устройствения правилник на Агенция „Митници“, приет с Постановление № 1 на Министерския съвет от 2001 г.",amending,1.000,,2021-07-16,before_promulgation
title,ustroystven-pravilnik-na-agentsiya-mitnitsi,2009,90,26690,Министерски съвет,"Постановление № 261 от 5 ноември 2009 г. за изменение на Устройствения правилник на Агенция „Митници“, приет с Постановление № 1 на Министерския съвет от 2001 г.",amending,1.000,,2021-07-16,before_promulgation
title,ustroystven-pravilnik-na-agentsiya-mitnitsi,2009,100,27890,Министерски съвет,Постановление № 302 от 15 декември 2009 г. за приемане на Устройст­вен правилник на Агенция „Митници“,adopting,1.000,,2021-07-16,before_promulgation
title,ustroystven-pravilnik-na-agentsiya-mitnitsi,2010,73,36918,Министерски съвет,"Постановление № 201 от 10 септември 2010 г. за изменение и допълнение на Устройствения правилник на Агенция „Митници“, приет с Постановление № 302 на Министерския съвет от 2009 г.",amending,1.000,,2021-07-16,before_promulgation
title,ustroystven-pravilnik-na-agentsiya-mitnitsi,2011,88,58183,Министерски съвет,"Постановление № 294 от 27 октомври 2011 г. за изменение на Устройствения правилник на Агенция „Митници“, приет с Постановление № 302 на Министерския съвет от 2009 г.",amending,1.000,,2021-07-16,before_promulgation
title,ustroystven-pravilnik-na-agentsiya-mitnitsi,2012,62,67488,Министерски съвет,"Постановление № 176 от 7 август 2012 г. за изменение и допълнение на Устройствения правилник на Агенция „Митници“, приет с Постановление № 302 на Министерския съвет от 2009 г.",amending,1.000,,2021-07-16,before_promulgation
title,ustroystven-pravilnik-na-agentsiya-mitnitsi,2012,67,67997,Министерски съвет,"Постановление № 190 от 24 август 2012 г. за изменение на Устройствения правилник на Агенция „Митници“, приет с Постановление № 302 на Министерския съвет от 2009 г.",amending,1.000,,2021-07-16,before_promulgation
title,ustroystven-pravilnik-na-agentsiya-mitnitsi,2012,72,68523,Министерски съвет,"Постановление № 218 от 14 септември 2012 г. за изменение и допълнение на Устройствения правилник на Агенция „Митници“, приет с Постановление № 302 на Министерския съвет от 2009 г.",amending,1.000,,2021-07-16,before_promulgation
title,ustroystven-pravilnik-na-agentsiya-mitnitsi,2013,73,78332,Министерски съвет,"Постановление № 168 от 15 август 2013 г. за изменение и допълнение на Устройствения правилник на Агенция „Митници“, приет с Постановление № 302 на Министерския съвет от 2009 г.",amending,1.000,,2021-07-16,before_promulgation
title,ustroystven-pravilnik-na-agentsiya-mitnitsi,2014,25,83543,Министерски съвет,Постановление № 57 от 14 март 2014 г. за приемане на Устройствен правилник на Агенция „Митници“,adopting,1.000,,2021-07-16,before_promulgation
title,ustroystven-pravilnik-na-agentsiya-mitnitsi,2015,31,94072,Министерски съвет,"Постановление № 100 от 23 април 2015 г. за изменение и допълнение на Устройствения правилник на Агенция „Митници“, приет с Постановление № 57 на Министерския съвет от 2014 г.",amending,1.000,,2021-07-16,before_promulgation
title,ustroystven-pravilnik-na-agentsiya-mitnitsi,2016,2,99874,Министерски съвет,"Постановление № 393 от 30 декември 2015 г. за изменение и допълнение на Устройствения правилник на Агенция „Митници“, приет с Постановление № 57 на Министерския съвет от 2014 г.",amending,1.000,,2021-07-16,before_promulgation
title,ustroystven-pravilnik-na-agentsiyata-po-geodeziya-kartografiya-i-kadastar,2008,93,10142,Министерски съвет,"Постановление № 253 от 20 октомври 2008 г. за изменение и допълнение на Устройствения правилник на Агенцията по геодезия, картография и кадастър, приет с Постановление № 302 на Министерския съвет от 2004 г.",amending,1.000,,2016-09-30,before_promulgation
title,ustroystven-pravilnik-na-agentsiyata-po-geodeziya-kartografiya-i-kadastar,2010,43,33436,Министерски съвет,"Постановление № 105 от 28 май 2010 г. за изменение и допълнение на Устройствения правилник на Агенцията по геодезия, картография и кадас­тър, приет с Постановление № 302 на Министерския съвет от 2004 г.",amending,1.000,,2016-09-30,before_promulgation
title,ustroystven-pravilnik-na-agentsiyata-po-geodeziya-kartografiya-i-kadastar,2013,78,78628,Министерски съвет,"Постановление № 196 от 29 август 2013 г. за изменение на Устройствения правилник на Агенцията по геодезия, картография и кадастър, приет с Постановление № 302 на Министерския съвет от 2004 г.",amending,1.000,,2016-09-30,before_promulgation
title,ustroystven-pravilnik-na-agentsiyata-po-obshtestveni-porachki,2006,81,2656,Министерски съвет,"Постановление № 264 от 26 септември 2006 г. за изменение и допълнение на Устройствения правилник на Агенцията по обществени поръчки, приет с Постановление № 56 на Министерския съвет от 2004 г.",amending,1.000,,2017-03-24,before_promulgation
title,ustroystven-pravilnik-na-agentsiyata-po-vpisvaniyata,2004,63,19584,Министерски съвет,Постановление № 163 от 13 юли 2004 г. за приемане на Устройствен правилник на Агенцията по вписванията,adopting,1.000,,2007-05-04,before_promulgation
title,ustroystven-pravilnik-na-agentsiyata-po-vpisvaniyata,2005,65,706,Министерски съвет,"Постановление № 178 от 28 юли 2005 г. за изменение и допълнение на Устройствения правилник на Агенцията по вписванията, приет с Постановление № 163 на Министерския съвет от 2004 г.",amending,1.000,,2007-05-04,before_promulgation
title,ustroystven-pravilnik-na-agentsiyata-po-zaetostta,2004,53,20050,Министерски съвет,Постановление № 125 от 11 юни 2004 г. за приемане на Устройствен правилник на Агенцията по заетостта,adopting,1.000,,2023-05-16,before_promulgation
title,ustroystven-pravilnik-na-agentsiyata-po-zaetostta,2006,38,1855,Министерски съвет,"Постановление № 97 от 27 април 2006 г. за изменение и допълнение на Устройствения правилник на Агенцията по заетостта, приет с Постановление № 125 на Министерския съвет от 2004 г.",amending,1.000,,2023-05-16,before_promulgation
title,ustroystven-pravilnik-na-agentsiyata-po-zaetostta,2007,86,4341,Министерски съвет,"Постановление № 252 от 17 октомври 2007 г. за изменение и допълнение на Устройствения правилник на Агенцията по заетостта, приет с Постановление № 125 на Министерския съвет от 2004 г.",amending,1.000,,2023-05-16,before_promulgation
title,ustroystven-pravilnik-na-agentsiyata-po-zaetostta,2010,85,38615,Министерски съвет,"Постановление № 247 от 21 октомври 2010 г. за изменение на Устройствения правилник на Агенцията по заетостта, приет с Постановление № 125 на Министерския съвет от 2004 г.",amending,1.000,,2023-05-16,before_promulgation
title,ustroystven-pravilnik-na-agentsiyata-po-zaetostta,2012,21,62409,Министерски съвет,"Постановление № 53 от 2 март 2012 г. за изменение и допълнение на Устройствения правилник на Агенцията по заетостта, приет с Постановление № 125 на Министерския съвет от 2004 г.",amending,1.000,,2023-05-16,before_promulgation
title,ustroystven-pravilnik-na-agentsiyata-po-zaetostta,2012,97,70887,Министерски съвет,"Постановление № 305 от 28 ноември 2012 г. за изменение на Устройствения правилник на Агенцията по заетостта, приет с Постановление № 125 на Министерския съвет от 2004 г.",amending,1.000,,2023-05-16,before_promulgation
title,ustroystven-pravilnik-na-agentsiyata-po-zaetostta,2014,75,87725,Министерски съвет,"Постановление № 269 от 1 септември 2014 г. за изменение и допълнение на Устройствения правилник на Агенцията по заетостта, приет с Постановление № 125 на Министерския съвет от 2004 г.",amending,1.000,,2023-05-16,before_promulgation
title,ustroystven-pravilnik-na-agentsiyata-po-zaetostta,2020,70,150394,Министерски съвет,"Постановление № 179 от 31 юли 2020 г. за изменение на Устройствения правилник на Агенцията по заетостта, приет с Постановление № 176 на Министерския съвет от 2016 г.",amending,1.000,,2023-05-16,before_promulgation
title,ustroystven-pravilnik-na-agentsiyata-za-ustoychivo-energiyno-razvitie,2011,88,58247,Министерски съвет,Постановление № 296 от 31 октомври 2011 г. за приемане на Устройствен правилник на Агенцията за устойчиво енергийно развитие,adopting,1.000,,2012-09-21,before_promulgation
title,ustroystven-pravilnik-na-agentsiyata-za-yadreno-regulirane,2005,46,389,Министерски съвет,"Постановление № 93 от 20 май 2005 г. за изменение и допълнение на Устройствения правилник на Агенцията за ядрено регулиране, приет с Постановление № 199 на Министерския съвет от 2002 г.",amending,1.000,,2013-12-13,before_promulgation
title,ustroystven-pravilnik-na-agentsiyata-za-yadreno-regulirane,2007,63,4023,Министерски съвет,"Постановление № 176 от 25 юли 2007 г. за изменение и допълнение на Устройствения правилник на Агенцията за ядрено регулиране, приет с Постановление № 199 на Министерския съвет от 2002 г.",amending,1.000,,2013-12-13,before_promulgation
title,ustroystven-pravilnik-na-agentsiyata-za-yadreno-regulirane,2012,74,68655,Министерски съвет,"Постановление № 227 от 20 септември 2012 г. за изменение и допълнение на Устройствения правилник на Агенцията за ядрено регулиране, приет с Постановление № 199 на Министерския съвет от 2002 г.",amending,1.000,,2013-12-13,before_promulgation
title,ustroystven-pravilnik-na-balgarskata-agentsiya-za-investitsii,2004,80,18797,Министерски съвет,Постановление № 234 от 3 септември 2004 г. за приемане на Устройствен правилник на Българската агенция за инвестиции,adopting,1.000,,2015-05-05,before_promulgation
title,ustroystven-pravilnik-na-balgarskata-agentsiya-za-investitsii,2013,103,80715,Министерски съвет,Постановление № 264 от 22 ноември 2013 г. за приемане на Устройствен правилник на Българската агенция за инвестиции,adopting,1.000,,2015-05-05,before_promulgation
title,ustroystven-pravilnik-na-balgarskiya-institut-po-metrologiya,2006,40,1893,Министерски съвет,Постановление № 109 от 8 май 2006 г. за приемане на Устройствен правилник на Българския институт по метрология,adopting,1.000,,2023-04-28,before_promulgation
title,ustroystven-pravilnik-na-balgarskiya-institut-po-metrologiya,2016,5,100111,Министерски съвет,"Постановление № 6 от 14 януари 2016 г. за изменение и допълнение на Устройствения правилник на Българския институт по метрология, приет с Постановление № 109 на Министерския съвет от 2006 г.",amending,1.000,,2023-04-28,before_promulgation
title,ustroystven-pravilnik-na-balgarskiya-institut-po-metrologiya,2018,104,132955,Министерски съвет,Постановление № 287 от 11 декември 2018 г. за приемане на Устройствен правилник на Българския институт по метрология,adopting,1.000,,2023-04-28,before_promulgation
title,ustroystven-pravilnik-na-darzhaven-fond-zemedelie,2006,78,2583,Министерски съвет,Постановление № 248 от 15 септември 2006 г. за приемане на Устройствен правилник на Държавен фонд “Земеделие”,adopting,1.000,,2025-12-06,before_promulgation
title,ustroystven-pravilnik-na-darzhaven-fond-zemedelie,2007,3,3096,Министерски съвет,"Постановление № 369 от 29 декември 2006 г. за изменение и допълнение на Устройствения правилник на Държавен фонд “Земеделие”, приет с Постановление № 248 на Министерския съвет от 2006 г.",amending,1.000,,2025-12-06,before_promulgation
title,ustroystven-pravilnik-na-darzhaven-fond-zemedelie,2008,48,5243,Министерски съвет,"Постановление № 100 от 16 май 2008 г. за изменение на Устройствения правилник на Държавен фонд “Земеделие”, приет с Постановление № 248 на Министерския съвет от 2006 г.",amending,1.000,,2025-12-06,before_promulgation
title,ustroystven-pravilnik-na-darzhaven-fond-zemedelie,2008,61,5910,Министерски съвет,"Постановление № 157 от 2 юли 2008 г. за изменение и допълнение на Устройствения правилник на Държавен фонд “Земеделие”, приет с Постановление № 248 на Министерския съвет от 2006 г.",amending,1.000,,2025-12-06,before_promulgation
title,ustroystven-pravilnik-na-darzhaven-fond-zemedelie,2009,87,26431,Министерски съвет,Постановление № 255 от 28 октомври 2009 г. за приемане на Устройствен правилник на Държавен фонд „Земеделие“,adopting,1.000,,2025-12-06,before_promulgation
title,ustroystven-pravilnik-na-darzhaven-fond-zemedelie,2010,47,33942,Министерски съвет,"Постановление № 119 от 14 юни 2010 г. за изменение и допълнение на Устройствения правилник на Държавен фонд „Земеделие“, приет с Постановление № 255 на Министерския съвет от 2009 г.",amending,1.000,,2025-12-06,before_promulgation
title,ustroystven-pravilnik-na-darzhaven-fond-zemedelie,2011,39,50286,Министерски съвет,"Постановление № 133 от 12 май 2011 г. за изменение и допълнение на Устройствения правилник на Държавен фонд „Земеделие“, приет с Постановление № 255 на Министерския съвет от 2009 г.",amending,1.000,,2025-12-06,before_promulgation
title,ustroystven-pravilnik-na-darzhaven-fond-zemedelie,2012,55,66626,Министерски съвет,Постановление № 151 от 16 юли 2012 г. за приемане на Устройствен правилник на Държавен фонд „Земеделие“,adopting,1.000,,2025-12-06,before_promulgation
title,ustroystven-pravilnik-na-darzhaven-fond-zemedelie,2015,30,94002,Министерски съвет,"Постановление № 99 от 21 април 2015 г. за изменение и допълнение на Устройствения правилник на Държавен фонд „Земеделие“, приет с Постановление № 151 на Министерския съвет от 2012 г.",amending,1.000,,2025-12-06,before_promulgation
title,ustroystven-pravilnik-na-darzhaven-fond-zemedelie,2016,34,103284,Министерски съвет,"Постановление № 98 от 22 април 2016 г. за изменение на Устройствения правилник на Държавен фонд „Земеделие“, приет с Постановление № 151 на Министерския съвет от 2012 г.",amending,1.000,,2025-12-06,before_promulgation
title,ustroystven-pravilnik-na-darzhaven-fond-zemedelie,2022,100,181804,Министерски съвет,"Постановление № 418 от 14 декември 2022 г. за изменение и допълнение на Устройствения правилник на Държавен фонд „Земеделие“, приет с Постановление № 151 на Министерския съвет от 2012 г.",amending,1.000,,2025-12-06,before_promulgation
title,ustroystven-pravilnik-na-darzhavna-agentsiya-tehnicheski-operatsii,2013,73,78336,Министерски съвет,Постановление № 172 от 15 август 2013 г. за приемане на Устройствен правилник на Държавна агенция „Технически операции“,adopting,1.000,,2013-10-29,before_promulgation
title,ustroystven-pravilnik-na-darzhavnata-agentsiya-za-bezhantsite-pri-ministerskiya-,2004,52,20085,Министерски съвет,"Постановление № 123 от 9 юни 2004 г. за изменение и допълнение на Устройствения правилник на Държавната агенция за бежанците при Министерския съвет, приет с Постановление № 291 на Министерския съвет от 2002 г. за преобразуване на Агенцията за бежанците при Министерския съвет в Държавна агенция за бежанците при Министерския съвет и за приемане на нейния устройствен правилник",amending,1.000,,2008-04-01,before_promulgation
title,ustroystven-pravilnik-na-darzhavnata-komisiya-po-sigurnostta-na-informatsiyata-i,2003,22,103848,Министерски съвет,Постановление № 50 от 4 март 2003 г. за приемане на Устройствен правилник на Държавната комисия по сигурността на информацията и на нейната администрация,adopting,1.000,,2017-02-28,before_promulgation
title,ustroystven-pravilnik-na-darzhavnata-komisiya-po-sigurnostta-na-informatsiyata-i,2005,23,15034,Министерски съвет,"Постановление № 37 от 8 март 2005 г. за изменение на Устройствения правилник на Държавната комисия по сигурността на информацията и на нейната администрация, приет с Постановление № 50 на Министерския съвет от 2003 г.",amending,1.000,,2017-02-28,before_promulgation
title,ustroystven-pravilnik-na-darzhavnata-komisiya-po-sigurnostta-na-informatsiyata-i,2006,56,2185,Министерски съвет,"Постановление № 166 от 3 юли 2006 г. за изменение и допълнение на Устройствения правилник на Държавната комисия по сигурността на информацията и на нейната администрация, приет с Постановление № 50 на Министерския съвет от 2003 г.",amending,1.000,,2017-02-28,before_promulgation
title,ustroystven-pravilnik-na-darzhavnata-komisiya-po-sigurnostta-na-informatsiyata-i,2008,69,7322,Министерски съвет,"Постановление № 184 от 25 юли 2008 г. за изменение на Устройствения правилник на Държавната комисия по сигурността на информацията и на нейната администрация, приет с Постановление № 50 на Министерския съвет от 2003 г.",amending,1.000,,2017-02-28,before_promulgation
title,ustroystven-pravilnik-na-darzhavnata-komisiya-po-sigurnostta-na-informatsiyata-i,2011,39,50336,Министерски съвет,"Постановление № 138 от 13 май 2011 г. за изменение и допълнение на Устройствения правилник на Държавната комисия по сигурността на информацията и на нейната администрация, приет с Постановление № 50 на Министерския съвет от 2003 г.",amending,1.000,,2017-02-28,before_promulgation
title,ustroystven-pravilnik-na-darzhavnata-komisiya-po-sigurnostta-na-informatsiyata-i,2012,55,66537,Министерски съвет,"Постановление № 148 от 13 юли 2012 г. за изменение на Устройствения правилник на Държавната комисия по сигурността на информацията и на нейната администрация, приет с Постановление № 50 на Министерския съвет от 2003 г.",amending,1.000,,2017-02-28,before_promulgation
title,ustroystven-pravilnik-na-darzhavnata-komisiya-po-sigurnostta-na-informatsiyata-i,2012,74,68654,Министерски съвет,"Постановление № 226 от 20 септември 2012 г. за изменение и допълнение на Устройствения правилник на Държавната комисия по сигурността на информацията и на нейната администрация, приет с Постановление № 50 на Министерския съвет от 2003 г.",amending,1.000,,2017-02-28,before_promulgation
title,ustroystven-pravilnik-na-direktsiyata-za-natsionalen-stroitelen-kontrol,2003,83,117523,Министерски съвет,Постановление № 202 от 11 септември 2003 г. за приемане на Устройствен правилник на Дирекцията за национален строителен контрол,adopting,1.000,,2019-05-28,before_promulgation
title,ustroystven-pravilnik-na-direktsiyata-za-natsionalen-stroitelen-kontrol,2006,49,2074,Министерски съвет,Постановление № 138 от 7 юни 2006 г. за приемане на Устройствен правилник на Дирекцията за национален строителен контрол,adopting,1.000,,2019-05-28,before_promulgation
title,ustroystven-pravilnik-na-direktsiyata-za-natsionalen-stroitelen-kontrol,2010,7,28898,Министерски съвет,Постановление № 5 от 20 януари 2010 г. за приемане на Устройствен правилник на Дирекцията за национален строителен контрол,adopting,1.000,,2019-05-28,before_promulgation
title,ustroystven-pravilnik-na-direktsiyata-za-natsionalen-stroitelen-kontrol,2011,3,42616,Министерски съвет,"Постановление № 338 от 30 декември 2010 г. за изменение и допълнение на Устройствения правилник на Дирекцията за национален строителен контрол, приет с Постановление № 5 на Министерския съвет от 2010 г.",amending,1.000,,2019-05-28,before_promulgation
title,ustroystven-pravilnik-na-direktsiyata-za-natsionalen-stroitelen-kontrol,2013,78,78627,Министерски съвет,"Постановление № 195 от 29 август 2013 г. за изменение на Устройствения правилник на Дирекцията за национален строителен контрол, приет с Постановление № 5 на Министерския съвет от 2010 г.",amending,1.000,,2019-05-28,before_promulgation
title,ustroystven-pravilnik-na-glavna-direktsiya-grazhdanska-vazduhoplavatelna-adminis,2003,64,109149,Министерство на транспорта и съобщенията,"Правилник за изменение на Устройствения правилник на Главна дирекция „Гражданска въздухоплавателна администрация""",amending,1.000,,2023-12-15,before_promulgation
title,ustroystven-pravilnik-na-glavna-direktsiya-grazhdanska-vazduhoplavatelna-adminis,2004,77,19125,Министерство на транспорта и съобщенията,Правилник за изменение и допълнение на Устройствения правилник на Главна дирекция “Гражданска въздухоплавателна администрация”,amending,1.000,,2023-12-15,before_promulgation
title,ustroystven-pravilnik-na-glavna-direktsiya-grazhdanska-vazduhoplavatelna-adminis,2006,60,2261,Министерство на транспорта,Правилник за изменение и допълнение на Устройствения правилник на Главна дирекция “Гражданска въздухоплавателна администрация”,amending,1.000,,2023-12-15,before_promulgation
title,ustroystven-pravilnik-na-glavna-direktsiya-grazhdanska-vazduhoplavatelna-adminis,2009,101,27934,"Министерство на транспорта, информационните технологии и съобщенията",Правилник за изменение и допълнение на Устройствения правилник на Главна дирекция „Гражданска въздухоплавателна администрация“,amending,1.000,,2023-12-15,before_promulgation
title,ustroystven-pravilnik-na-glavna-direktsiya-grazhdanska-vazduhoplavatelna-adminis,2010,29,31829,"Министерство на транспорта, информационните технологии и съобщенията",Правилник за изменение и допълнение на Устройствения правилник на Главна дирекция „Гражданска въздухоплавателна администрация“,amending,1.000,,2023-12-15,before_promulgation
title,ustroystven-pravilnik-na-glavna-direktsiya-grazhdanska-vazduhoplavatelna-adminis,2012,56,66616,"Министерство на транспорта, информационните технологии и съобщенията",Правилник за изменение и допълнение на Устройствения правилник на Главна дирекция „Гражданска въздухоплавателна администрация“,amending,1.000,,2023-12-15,before_promulgation
title,ustroystven-pravilnik-na-glavna-direktsiya-grazhdanska-vazduhoplavatelna-adminis,2016,6,99972,"Министерство на транспорта, информационните технологии и съобщенията",Правилник за изменение и допълнение на Устройствения правилник на Главна дирекция „Гражданска въздухоплавателна администрация“,amending,1.000,,2023-12-15,before_promulgation
title,ustroystven-pravilnik-na-glavna-direktsiya-grazhdanska-vazduhoplavatelna-adminis,2016,53,105375,"Министерство на транспорта, информационните технологии и съобщенията",Правилник за изменение и допълнение на Устройствения правилник на Главна дирекция „Гражданска въздухоплавателна администрация“,amending,1.000,,2023-12-15,before_promulgation
title,ustroystven-pravilnik-na-glavna-direktsiya-grazhdanska-vazduhoplavatelna-adminis,2018,63,128721,"Министерство на транспорта, информационните технологии и съобщенията","Правилник за изменение и допълнение на Устройствения правилник на Главна дирекция ,,Гражданска въздухоплавателна администрация“",amending,1.000,,2023-12-15,before_promulgation
title,ustroystven-pravilnik-na-izpalnitelna-agentsiya-balgarska-sluzhba-za-akreditatsi,2007,4,3115,Министерски съвет,Постановление № 375 от 29 декември 2006 г. за приемане на Устройствен правилник на Изпълнителна агенция “Българска служба за акредитация”,adopting,1.000,,2011-07-12,before_promulgation
title,ustroystven-pravilnik-na-izpalnitelna-agentsiya-balgarska-sluzhba-za-akreditatsi,2007,14,47062,Министерски съвет,"Поправка в Устройствения правилник на Изпълнителна агенция “Българска служба за акредитация”, приет с Постановление № 375 на Министерския съвет от 2006 г. (ДВ, бр. 4 от 2007 г.)",corrigendum,1.000,,2011-07-12,before_promulgation
title,ustroystven-pravilnik-na-izpalnitelna-agentsiya-balgarska-sluzhba-za-akreditatsi,2007,61,3994,Министерски съвет,"Постановление № 165 от 16 юли 2007 г. за изменение и допълнение на Устройствения правилник на Изпълнителна агенция “Българска служба за акредитация”, приет с Постановление № 375 на Министерския съвет от 2006 г.",amending,1.000,,2011-07-12,before_promulgation
title,ustroystven-pravilnik-na-izpalnitelna-agentsiya-balgarska-sluzhba-za-akreditatsi,2008,108,13303,Министерски съвет,"Постановление № 302 от 10 декември 2008 г. за изменение и допълнение на Устройствения правилник на Изпълнителна агенция “Българска служба за акредитация”, приет с Постановление № 375 на Министерския съвет от 2006 г.",amending,1.000,,2011-07-12,before_promulgation
title,ustroystven-pravilnik-na-izpalnitelna-agentsiya-glavna-inspektsiya-po-truda,2003,13,101537,Министерски съвет,"Постановление № 20 от 4 февруари 2003 г. за изменение и допълнение на Устройствения правилник на Изпълнителна агенция „Главна инспекция по труда"", приет с Постановление № 92 на Министерския съвет от 2000 г.",amending,1.000,,2022-10-11,before_promulgation
title,ustroystven-pravilnik-na-izpalnitelna-agentsiya-glavna-inspektsiya-po-truda,2006,54,2152,Министерски съвет,"Постановление № 159 от 28 юни 2006 г. за изменение и допълнение на Устройствения правилник на Изпълнителна агенция “Главна инспекция по труда”, приет с Постановление № 92 на Министерския съвет от 2000 г.",amending,1.000,,2022-10-11,before_promulgation
title,ustroystven-pravilnik-na-izpalnitelna-agentsiya-glavna-inspektsiya-po-truda,2007,37,3620,Министерски съвет,"Постановление № 93 от 24 април 2007 г. за изменение и допълнение на Устройствения правилник на Изпълнителна агенция “Главна инспекция по труда”, приет с Постановление № 92 на Министерския съвет от 2000 г.",amending,1.000,,2022-10-11,before_promulgation
title,ustroystven-pravilnik-na-izpalnitelna-agentsiya-glavna-inspektsiya-po-truda,2008,44,5198,Министерски съвет,Постановление № 83 от 22 април 2008 г. за приемане на Устройствен правилник на Изпълнителна агенция “Главна инспекция по труда”,adopting,1.000,,2022-10-11,before_promulgation
title,ustroystven-pravilnik-na-izpalnitelna-agentsiya-glavna-inspektsiya-po-truda,2010,35,32671,Министерски съвет,"Постановление № 85 от 30 април 2010 г. за изменение и допълнение на Устройствения правилник на Изпълнителна агенция „Главна инспекция по труда“, приет с Постановление № 83 на Министерския съвет от 2008 г.",amending,1.000,,2022-10-11,before_promulgation
title,ustroystven-pravilnik-na-izpalnitelna-agentsiya-glavna-inspektsiya-po-truda,2010,97,41429,Министерски съвет,"Постановление № 285 от 3 декември 2010 г. за изменение и допълнение на Устройствения правилник на Изпълнителна агенция „Главна инспекция по труда“, приет с Постановление № 83 на Министерския съвет от 2008 г.",amending,1.000,,2022-10-11,before_promulgation
title,ustroystven-pravilnik-na-izpalnitelna-agentsiya-glavna-inspektsiya-po-truda,2014,6,81929,Министерски съвет,Постановление № 2 от 13 януари 2014 г. за приемане на Устройствен правилник на Изпълнителна агенция „Главна инспекция по труда“,adopting,1.000,,2022-10-11,before_promulgation
title,ustroystven-pravilnik-na-izpalnitelna-agentsiya-glavna-inspektsiya-po-truda,2018,28,124671,Министерски съвет,"Постановление № 41 от 23 март 2018 г. за изменение и допълнение на Устройствения правилник на Изпълнителна агенция „Главна инспекция по труда“, приет с Постановление № 2 на Министерския съвет от 2014 г.",amending,1.000,,2022-10-11,before_promulgation
title,ustroystven-pravilnik-na-izpalnitelna-agentsiya-morska-administratsiya,2003,73,115323,Министерски съвет,"Постановление № 178 от 11 август 2003 г. за изменение и допълнение на Устройствения правилник на Изпълнителна агенция „Морска администрация"", приет с Постановление № 74 на Министерския съвет от 2000 г.",amending,1.000,,2015-05-08,before_promulgation
title,ustroystven-pravilnik-na-izpalnitelna-agentsiya-morska-administratsiya,2005,62,661,Министерски съвет,"Постановление № 169 от 20 юли 2005 г. за изменение и допълнение на Устройствения правилник на Изпълнителна агенция “Морска администрация”, приет с Постановление № 74 на Министерския съвет от 2000 г.",amending,1.000,,2015-05-08,before_promulgation
title,ustroystven-pravilnik-na-izpalnitelna-agentsiya-morska-administratsiya,2012,26,63044,Министерски съвет,"Постановление № 65 от 23 март 2012 г. за изменение и допълнение на Устройствения правилник на Изпълнителна агенция „Морска администрация“, приет с Постановление № 210 на Министерския съвет от 2008 г.",amending,1.000,,2015-05-08,before_promulgation
title,ustroystven-pravilnik-na-izpalnitelna-agentsiya-natsionalen-filmov-tsentar,2008,103,12301,Министерски съвет,"Постановление № 283 от 20 ноември 2008 г. за изменение и допълнение на Устройствения правилник на Изпълнителна агенция “Национален филмов център”, приет с Постановление № 97 на Министерския съвет от 2004 г.",amending,1.000,,2025-04-08,before_promulgation
title,ustroystven-pravilnik-na-izpalnitelna-agentsiya-natsionalen-filmov-tsentar,2012,97,70886,Министерски съвет,"Постановление № 304 от 28 ноември 2012 г. за изменение и допълнение на Устройствения правилник на Изпълнителна агенция „Национален филмов център“, приет с Постановление № 97 на Министерския съвет от 2004 г.",amending,1.000,,2025-04-08,before_promulgation
title,ustroystven-pravilnik-na-izpalnitelnata-agentsiya-po-gorite,2010,4,28597,Министерски съвет,Постановление № 339 от 30 декември 2009 г. за приемане на Устройствен правилник на Изпълнителната агенция по горите,adopting,1.000,,2011-06-28,before_promulgation
title,ustroystven-pravilnik-na-izpalnitelnata-agentsiya-po-lekarstvata,2005,62,663,Министерски съвет,"Постановление № 171 от 22 юли 2005 г. за изменение и допълнение на Устройствения правилник на Изпълнителната агенция по лекарствата, приет с Постановление № 80 на Министерския съвет от 2000 г.",amending,1.000,,2009-07-10,before_promulgation
title,ustroystven-pravilnik-na-izpalnitelnata-agentsiya-po-lekarstvata,2008,45,5205,Министерски съвет,Постановление № 84 от 24 април 2008 г. за приемане на Устройствен правилник на Изпълнителната агенция по лекарствата,adopting,1.000,,2009-07-10,before_promulgation
title,ustroystven-pravilnik-na-izpalnitelnata-agentsiya-po-okolna-sreda,2010,62,35669,Министерски съвет,Постановление № 162 от 3 август 2010 г. за приемане на Устройствен правилник на Изпълнителната агенция по околна среда,adopting,1.000,,2022-10-21,before_promulgation
title,ustroystven-pravilnik-na-izpalnitelnata-agentsiya-po-okolna-sreda,2015,84,98247,Министерски съвет,"Постановление № 288 от 21 октомври 2015 г. за изменение и допълнение на Устройствения правилник на Изпълнителната агенция по околна среда, приет с Постановление № 162 на Министерския съвет от 2010 г.",amending,1.000,,2022-10-21,before_promulgation
title,ustroystven-pravilnik-na-izpalnitelnata-agentsiya-po-ribarstvo-i-akvakulturi,2008,32,4992,Министерски съвет,Постановление № 51 от 17 март 2008 г. за приемане на Устройствен правилник на Изпълнителната агенция по рибарство и аквакултури,adopting,1.000,,2010-06-01,before_promulgation
title,ustroystven-pravilnik-na-komisiyata-za-regulirane-na-saobshteniyata-i-na-neynata,2018,51,127276,Комисия за регулиране на съобщенията,Устройствен правилник на Комисията за регулиране на съобщенията и на нейната администрация,promulgation,1.000,,2024-10-29,before_promulgation
title,ustroystven-pravilnik-na-komisiyata-za-regulirane-na-saobshteniyata-i-na-neynata,2020,8,144680,Комисия за регулиране на съобщенията,Правилник за изменение и допълнение на Устройствения правилник на Комисията за регулиране на съобщенията и на нейната администрация,amending,1.000,,2024-10-29,before_promulgation
title,ustroystven-pravilnik-na-komisiyata-za-zashtita-na-konkurentsiyata,2003,99,123190,Комисия за защита на конкуренцията,Устройствен правилник на Комисията за защита на конкуренцията,promulgation,1.000,,2022-02-08,before_promulgation
title,ustroystven-pravilnik-na-komisiyata-za-zashtita-na-konkurentsiyata,2004,58,19792,Комисия за защата на конкуренцията,Правилник за изменение на Устройствения правилник на Комисията за защита на конкуренцията,amending,1.000,,2022-02-08,before_promulgation
title,ustroystven-pravilnik-na-komisiyata-za-zashtita-na-konkurentsiyata,2004,75,19137,Комисия за защита на конкуренцията,Правилник за изменение и допълнение на Устройствения правилник на Комисията за защита на конкуренцията,amending,1.000,,2022-02-08,before_promulgation
title,ustroystven-pravilnik-na-komisiyata-za-zashtita-na-konkurentsiyata,2005,36,15306,Комисия за защита на конкуренцията,Правилник за изменение и допълнение на Устройствения правилник на Комисията за защита на конкуренцията,amending,1.000,,2022-02-08,before_promulgation
title,ustroystven-pravilnik-na-komisiyata-za-zashtita-na-konkurentsiyata,2006,43,1945,Комисия за защита на конкуренцията,Правилник за изменение и допълнение на Устройствения правилник на Комисията за защита на конкуренцията,amending,1.000,,2022-02-08,before_promulgation
title,ustroystven-pravilnik-na-komisiyata-za-zashtita-na-konkurentsiyata,2006,50,2089,Комисия за защита на конкуренцията,Правилник за изменение и допълнение на Устройствения правилник на Комисията за защита на конкуренцията,amending,1.000,,2022-02-08,before_promulgation
title,ustroystven-pravilnik-na-komisiyata-za-zashtita-na-konkurentsiyata,2007,3,3108,Комисия за защита на конкуренцията,Правилник за изменение и допълнение на Устройствения правилник на Комисията за защита на конкуренцията,amending,1.000,,2022-02-08,before_promulgation
title,ustroystven-pravilnik-na-komisiyata-za-zashtita-na-konkurentsiyata,2007,26,3463,Комисия за защита на конкуренцията,Правилник за изменение и допълнение на Устройствения правилник на Комисията за защита на конкуренцията,amending,1.000,,2022-02-08,before_promulgation
title,ustroystven-pravilnik-na-komisiyata-za-zashtita-na-konkurentsiyata,2007,79,4206,Комисия за защита на конкуренцията,Правилник за изменение на Устройствения правилник на Комисията за защита на конкуренцията,amending,1.000,,2022-02-08,before_promulgation
title,ustroystven-pravilnik-na-komisiyata-za-zashtita-na-konkurentsiyata,2007,100,4489,Комисия за защита на конкуренцията,Правилник за изменение на Устройствения правилник на Комисията за защита на конкуренцията,amending,1.000,,2022-02-08,before_promulgation
title,ustroystven-pravilnik-na-komisiyata-za-zashtita-na-konkurentsiyata,2007,108,4571,Комисия за защита на конкуренцията,Правилник за изменение на Устройствения правилник на Комисията за защита на конкуренцията,amending,1.000,,2022-02-08,before_promulgation
title,ustroystven-pravilnik-na-komisiyata-za-zashtita-na-konkurentsiyata,2008,93,10144,Комисия за защита на конкуренцията,Правилник за изменение и допълнение на Устройствения правилник на Комисията за защита на конкуренцията,amending,1.000,,2022-02-08,before_promulgation
title,ustroystven-pravilnik-na-komisiyata-za-zashtita-na-konkurentsiyata,2009,15,16285,Комисия за защата на конкуренцията,Устройствен правилник на Комисията за защита на конкуренцията,promulgation,1.000,,2022-02-08,before_promulgation
title,ustroystven-pravilnik-na-komisiyata-za-zashtita-na-konkurentsiyata,2009,44,21945,Комисия за защита на конкуренцията,Правилник за изменение на Устройствения правилник на Комисията за защита на конкуренцията,amending,1.000,,2022-02-08,before_promulgation
title,ustroystven-pravilnik-na-komisiyata-za-zashtita-na-konkurentsiyata,2009,88,26374,Комисия за защата на конкуренцията,Правилник за изменение на Устройствения правилник на Комисията за защита на конкуренцията,amending,1.000,,2022-02-08,before_promulgation
title,ustroystven-pravilnik-na-komisiyata-za-zashtita-na-konkurentsiyata,2009,92,26921,Комисия за защата на конкуренцията,Правилник за изменение и допълнение на Устройствения правилник на Комисията за защита на конкуренцията,amending,1.000,,2022-02-08,before_promulgation
title,ustroystven-pravilnik-na-komisiyata-za-zashtita-na-konkurentsiyata,2010,16,29939,Комисия за защата на конкуренцията,Правилник за изменение и допълнение на Устройствения правилник на Комисията за защита на конкуренцията,amending,1.000,,2022-02-08,before_promulgation
title,ustroystven-pravilnik-na-komisiyata-za-zashtita-na-konkurentsiyata,2010,79,37528,Комисия за защита на конкуренцията,Правилник за изменение и допълнение на Устройствения правилник на Комисията за защита на конкуренцията,amending,1.000,,2022-02-08,before_promulgation
title,ustroystven-pravilnik-na-komisiyata-za-zashtita-na-konkurentsiyata,2011,10,43575,Комисия за защита на конкуренцията,Правилник за изменение и допълнение на Устройствения правилник на Комисията за защита на конкуренцията,amending,1.000,,2022-02-08,before_promulgation
title,ustroystven-pravilnik-na-komisiyata-za-zashtita-na-konkurentsiyata,2011,96,58991,Комисия за защита на конкуренцията,Правилник за изменение и допълнение на Устройствения правилник на Комисията за защита на конкуренцията,amending,1.000,,2022-02-08,before_promulgation
title,ustroystven-pravilnik-na-komisiyata-za-zashtita-na-konkurentsiyata,2012,95,70790,Комисия за защата на конкуренцията,Правилник за изменение и допълнение на Устройствения правилник на Комисията за защита на конкуренцията,amending,1.000,,2022-02-08,before_promulgation
title,ustroystven-pravilnik-na-komisiyata-za-zashtita-na-konkurentsiyata,2015,78,97793,Комисия за защита на конкуренцията,Правилник за изменение и допълнение на Устройствения правилник на Комисията за защита на конкуренцията,amending,1.000,,2022-02-08,before_promulgation
title,ustroystven-pravilnik-na-komisiyata-za-zashtita-na-konkurentsiyata,2016,64,106693,Комисия за защита на конкуренцията,"Поправка в Правилника за изменение и допълнение на Устройствения правилник на Комисията за защита на конкуренцията (ДВ, бр. 59 от 2016 г.)",corrigendum,1.000,,2022-02-08,before_promulgation
title,ustroystven-pravilnik-na-komisiyata-za-zashtita-na-konkurentsiyata,2017,67,116924,Комисия за защита на конкуренцията,Правилник за изменение на Устройствения правилник на Комисията за защита на конкуренцията,amending,1.000,,2022-02-08,before_promulgation
title,ustroystven-pravilnik-na-komisiyata-za-zashtita-na-konkurentsiyata,2018,31,125019,Комисия за защита на конкуренцията,Правилник за изменение на Устройствения правилник на Комисията за защита на конкуренцията,amending,1.000,,2022-02-08,before_promulgation
title,ustroystven-pravilnik-na-ministerskiya-savet-i-na-negovata-administratsiya,2004,21,21439,Министерски съвет,"Постановление № 51 от 5 март 2004 г. за изменение и допълнение на Устройствения правилник на Министерския съвет и на неговата администрация, приет с Постановление № 209 на Министерския съвет от 1999 г.",amending,1.000,,2009-10-02,before_promulgation
title,ustroystven-pravilnik-na-ministerskiya-savet-i-na-negovata-administratsiya,2004,33,21173,Министерски съвет,Постановление № 76 от 19 април 2004 г. за изменение и допълнение на Устройствения правилник на Министерския съвет и на неговата администрация,amending,1.000,,2009-10-02,before_promulgation
title,ustroystven-pravilnik-na-ministerskiya-savet-i-na-negovata-administratsiya,2005,84,956,Министерски съвет,Постановление № 216 от 12 октомври 2005 г. за приемане на Устройствен правилник на Министерския съвет и на неговата администрация,adopting,1.000,,2009-10-02,before_promulgation
title,ustroystven-pravilnik-na-ministerskiya-savet-i-na-negovata-administratsiya,2006,19,1489,Министерски съвет,"Постановление № 33 от 21 февруари 2006 г. за изменение на Устройствения правилник на Министерския съвет и на неговата администрация, приет с Постановление № 216 на Министерския съвет от 2005 г.",amending,1.000,,2009-10-02,before_promulgation
title,ustroystven-pravilnik-na-ministerskiya-savet-i-na-negovata-administratsiya,2006,55,2164,Министерски съвет,"Постановление № 160 от 28 юни 2006 г. за изменение и допълнение на Устройствения правилник на Министерския съвет и на неговата администрация, приет с Постановление № 216 на Министерския съвет от 2005 г.",amending,1.000,,2009-10-02,before_promulgation
title,ustroystven-pravilnik-na-ministerskiya-savet-i-na-negovata-administratsiya,2006,81,2655,Министерски съвет,"Постановление № 263 от 25 септември 2006 г. за изменение на Устройствения правилник на Министерския съвет и на неговата администрация, приет с Постановление № 216 на Министерския съвет от 2005 г.",amending,1.000,,2009-10-02,before_promulgation
title,ustroystven-pravilnik-na-ministerskiya-savet-i-na-negovata-administratsiya,2008,2,4638,Министерски съвет,"Постановление № 326 от 21 декември 2007 г. за изменение на Устройствения правилник на Министерския съвет и на неговата администрация, приет с Постановление № 216 на Министерския съвет от 2005 г.",amending,1.000,,2009-10-02,before_promulgation
title,ustroystven-pravilnik-na-ministerskiya-savet-i-na-negovata-administratsiya,2009,44,22328,Министерски съвет,"Постановление № 146 от 9 юни 2009 г. за изменение и допълнение на Устройствения правилник на Министерския съвет и на неговата администрация, приет с Постановление № 216 на Министерския съвет от 2005 г.",amending,1.000,,2009-10-02,before_promulgation
title,ustroystven-pravilnik-na-ministerstvoto-na-elektronnoto-upravlenie,2022,11,168849,Министерски съвет,Постановление № 12 от 4 февруари 2022 г. за приемане на Устройствен правилник на Министерството на електронното управление,adopting,1.000,,2025-04-11,before_promulgation
title,ustroystven-pravilnik-na-ministerstvoto-na-energetikata,2015,100,99477,Министерски съвет,Постановление № 360 от 12 декември 2015 г. за приемане на Устройствен правилник на Министерството на енергетиката,adopting,1.000,,2025-07-11,before_promulgation
title,ustroystven-pravilnik-na-ministerstvoto-na-energetikata,2021,29,157308,Министерски съвет,"Постановление № 135 от 6 април 2021 г. за изменение и допълнение на Устройствения правилник на Министерството на енергетиката, приет с Постановление № 360 на Министерския съвет от 2015 г.",amending,1.000,,2025-07-11,before_promulgation
title,ustroystven-pravilnik-na-ministerstvoto-na-energetikata,2022,5,167789,Министерски съвет,"Постановление № 4 от 13 януари 2022 г. за изменение на Устройствения правилник на Министерството на енергетиката, приет с Постановление № 360 на Министерския съвет от 2015 г.",amending,1.000,,2025-07-11,before_promulgation
title,ustroystven-pravilnik-na-ministerstvoto-na-finansite,2004,10,21959,Министерски съвет,"Постановление № 18 от 27 януари 2004 г. за изменение и допълнение на Устройствения правилник на Министерството на финансите, приет с Постановление № 95 на Министерския съвет от 2003 г.",amending,1.000,,2016-12-16,before_promulgation
title,ustroystven-pravilnik-na-ministerstvoto-na-finansite,2006,28,1621,Министерски съвет,"Постановление № 61 от 23 март 2006 г. за изменение на Устройствения правилник на Министерството на финансите, приет с Постановление № 95 на Министерския съвет от 2003 г.",amending,1.000,,2016-12-16,before_promulgation
title,ustroystven-pravilnik-na-ministerstvoto-na-finansite,2009,23,17650,Министерски съвет,"Постановление № 61 от 19 март 2009 г. за изменение и допълнение на Устройствения правилник на Министерството на финансите, приет с Постановление № 95 на Министерския съвет от 2003 г.",amending,1.000,,2016-12-16,before_promulgation
title,ustroystven-pravilnik-na-ministerstvoto-na-finansite,2009,102,27921,Министерски съвет,"Постановление № 306 от 15 декември 2009 г. за изменение на Устройствения правилник на Министерството на финансите, приет с Постановление № 249 на Министерския съвет от 2009 г.",amending,1.000,,2016-12-16,before_promulgation
title,ustroystven-pravilnik-na-ministerstvoto-na-finansite,2010,79,37745,Министерски съвет,"Постановление № 223 от 4 октомври 2010 г. за изменение и допълнение на Устройствения правилник на Министерството на финансите, приет с Постановление № 249 на Министерския съвет от 2009 г.",amending,1.000,,2016-12-16,before_promulgation
title,ustroystven-pravilnik-na-ministerstvoto-na-finansite,2011,34,48978,Министерски съвет,"Постановление № 106 от 26 април 2011 г. за изменение на Устройствения правилник на Министерството на финансите, приет с Постановление № 249 на Министерския съвет от 2009 г.",amending,1.000,,2016-12-16,before_promulgation
title,ustroystven-pravilnik-na-ministerstvoto-na-finansite,2011,48,52898,Министерски съвет,"Постановление № 164 от 16 юни 2011 г. за изменение на Устройствения правилник на Министерството на финансите, приет с Постановление № 249 на Министерския съвет от 2009 г.",amending,1.000,,2016-12-16,before_promulgation
title,ustroystven-pravilnik-na-ministerstvoto-na-finansite,2014,100,90245,Министерски съвет,"Постановление № 376 от 28 ноември 2014 г. за изменение и допълнение на Устройствения правилник на Министерството на финансите, приет с Постановление № 249 на Министерския съвет от 2009 г.",amending,1.000,,2016-12-16,before_promulgation
title,ustroystven-pravilnik-na-ministerstvoto-na-finansite,2015,7,91423,Министерски съвет,"Постановление № 10 от 19 януари 2015 г. за изменение и допълнение на Устройствения правилник на Министерството на финансите, приет с Постановление № 249 на Министерския съвет от 2009 г.",amending,1.000,,2016-12-16,before_promulgation
title,ustroystven-pravilnik-na-ministerstvoto-na-finansite,2015,19,92764,Министерски съвет,"Постановление № 47 от 6 март 2015 г. за изменение на Устройствения правилник на Министерството на финансите, приет с Постановление № 249 на Министерския съвет от 2009 г.",amending,1.000,,2016-12-16,before_promulgation
title,ustroystven-pravilnik-na-ministerstvoto-na-finansite,2016,22,102025,Министерски съвет,"Постановление № 55 от 17 март 2016 г. за изменение и допълнение на Устройствения правилник на Министерството на финансите, приет с Постановление № 249 на Министерския съвет от 2009 г.",amending,1.000,,2016-12-16,before_promulgation
title,ustroystven-pravilnik-na-ministerstvoto-na-finansite,2016,74,107599,Министерски съвет,"Постановление № 236 от 13 септември 2016 г. за изменение на Устройствения правилник на Министерството на финансите, приет с Постанов­ление № 249 на Министерския съвет от 2009 г.",amending,1.000,,2016-12-16,before_promulgation
title,ustroystven-pravilnik-na-ministerstvoto-na-kulturata,2003,108,123339,Министерски съвет,"Постановление № 285 от 3 декември 2003 г. за изменение и допълнение на Устройствения правилник на Министерството на културата, приет с Постановление № 33 на Министерския съвет от 2000 г.",amending,1.000,,2017-12-08,before_promulgation
title,ustroystven-pravilnik-na-ministerstvoto-na-kulturata,2006,20,1516,Министерски съвет,"Постановление № 41 от 27 февруари 2006 г. за изменение на Устройствения правилник на Министерството на културата, приет с Постановление № 58 на Министерския съвет от 2005 г.",amending,1.000,,2017-12-08,before_promulgation
title,ustroystven-pravilnik-na-ministerstvoto-na-kulturata,2006,30,1670,Министерски съвет,"Постановление № 70 от 3 април 2006 г. за изменение на Устройствения правилник на Министерството на културата, приет с Постановление № 58 на Министерския съвет от 2005 г.",amending,1.000,,2017-12-08,before_promulgation
title,ustroystven-pravilnik-na-ministerstvoto-na-kulturata,2007,22,3394,Министерски съвет,"Постановление № 44 от 27 февруари 2007 г. за изменение на Устройствения правилник на Министерството на културата, приет с Постановление № 149 на Министерския съвет от 2006 г. за приемане на Устройствен правилник на Министерството на културата и за закриване на националните центрове по изкуствата и културните дейности към министъра на културата",amending,1.000,,2017-12-08,before_promulgation
title,ustroystven-pravilnik-na-ministerstvoto-na-kulturata,2007,65,4043,Министерски съвет,"Постановление № 182 от 31 юли 2007 г. за изменение на Устройствения правилник на Министерството на културата, приет с Постановление № 149 на Министерския съвет от 2006 г.",amending,1.000,,2017-12-08,before_promulgation
title,ustroystven-pravilnik-na-ministerstvoto-na-kulturata,2008,107,13243,Министерски съвет,"Постановление № 295 от 8 декември 2008 г. за изменение и допълнение на Устройствения правилник на Министерството на културата, приет с Постановление № 149 на Министерския съвет от 2006 г.",amending,1.000,,2017-12-08,before_promulgation
title,ustroystven-pravilnik-na-ministerstvoto-na-kulturata,2009,80,25547,Министерски съвет,Постановление № 239 от 2 октомври 2009 г. за приемане на Устройствен правилник на Министерството на културата,adopting,1.000,,2017-12-08,before_promulgation
title,ustroystven-pravilnik-na-ministerstvoto-na-kulturata,2011,22,46619,Министерски съвет,"Постановление № 61 от 11 март 2011 г. за изменение и допълнение на Устройствения правилник на Министерството на културата, приет с Постановление № 239 на Министерския съвет от 2009 г.",amending,1.000,,2017-12-08,before_promulgation
title,ustroystven-pravilnik-na-ministerstvoto-na-kulturata,2011,77,57068,Министерски съвет,"Постановление № 267 от 26 септември 2011 г. за изменение на Устройствения правилник на Министерството на културата, приет с Постановление № 239 на Министерския съвет от 2009 г.",amending,1.000,,2017-12-08,before_promulgation
title,ustroystven-pravilnik-na-ministerstvoto-na-kulturata,2012,57,66816,Министерски съвет,"Постановление № 155 от 20 юли 2012 г. за изменение на Устройствения правилник на Министерството на културата, приет с Постановление № 239 на Министерския съвет от 2009 г.",amending,1.000,,2017-12-08,before_promulgation
title,ustroystven-pravilnik-na-ministerstvoto-na-kulturata,2013,74,78362,Министерски съвет,Постановление № 176 от 16 август 2013 г. за приемане на Устройствен правилник на Министерството на културата,adopting,1.000,,2017-12-08,before_promulgation
title,ustroystven-pravilnik-na-ministerstvoto-na-mladezhta-i-sporta,2003,90,118762,Министерски съвет,"Постановление № 219 от 3 октомври 2003 г. за изменение и допълнение на Устройствения правилник на Министерството на младежта и спорта, приет с Постановление № 254 на Министерския съвет от 2002 г.",amending,1.000,,2013-07-12,before_promulgation
title,ustroystven-pravilnik-na-ministerstvoto-na-obrazovanieto-i-naukata-zagl-izm-dv-b,2006,52,2118,Министерски съвет,Постановление № 148 от 19 юни 2006 г. за приемане на Устройствен правилник на Министерството на образованието и науката,adopting,1.000,,2010-02-12,before_promulgation
title,ustroystven-pravilnik-na-ministerstvoto-na-obrazovanieto-i-naukata-zagl-izm-dv-b,2008,77,8364,Министерски съвет,"Постановление № 207 от 25 август 2008 г. за изменение на Устройствения правилник на Министерството на образованието и науката, приет с Постановление № 148 на Министерския съвет от 2006 г.",amending,1.000,,2010-02-12,before_promulgation
title,ustroystven-pravilnik-na-ministerstvoto-na-okolnata-sreda-i-vodite,2003,93,123075,Министерски съвет,"Постановление № 225 от 14 октомври 2003 г. за изменение и допълнение на Устройствения правилник на Министерството на околната среда и водите, приет с Постановление № 214 на Министерския съвет от 1999 г.",amending,1.000,,2017-10-06,before_promulgation
title,ustroystven-pravilnik-na-ministerstvoto-na-okolnata-sreda-i-vodite,2004,99,18429,Министерски съвет,"Постановление № 291 от 2 ноември 2004 г. за изменение и допълнение на Устройствения правилник на Министерството на околната среда и водите, приет с Постановление № 214 на Министерския съвет от 1999 г.",amending,1.000,,2017-10-06,before_promulgation
title,ustroystven-pravilnik-na-ministerstvoto-na-okolnata-sreda-i-vodite,2006,35,1738,Министерски съвет,"Постановление № 89 от 19 април 2006 г. за изменение и допълнение на Устройствения правилник на Министерството на околната среда и водите, приет с Постановление № 214 на Министерския съвет от 1999 г.",amending,1.000,,2017-10-06,before_promulgation
title,ustroystven-pravilnik-na-ministerstvoto-na-okolnata-sreda-i-vodite,2006,85,2719,Министерски съвет,"Постановление № 275 от 11 октомври 2006 г. за изменение и допълнение на Устройствения правилник на Министерството на околната среда и водите, приет с Постановление № 214 на Министерския съвет от 1999 г.",amending,1.000,,2017-10-06,before_promulgation
title,ustroystven-pravilnik-na-ministerstvoto-na-okolnata-sreda-i-vodite,2009,94,27188,Министерски съвет,Постановление № 274 от 20 ноември 2009 г. за приемане на Устройствен правилник на Министерството на околната среда и водите,adopting,1.000,,2017-10-06,before_promulgation
title,ustroystven-pravilnik-na-ministerstvoto-na-okolnata-sreda-i-vodite,2013,80,78772,Министерски съвет,"Постановление № 200 от 5 септември 2013 г. за изменение на Устройствения правилник на Министерството на околната среда и водите, приет с Постановление № 274 на Министерския съвет от 2009 г.",amending,1.000,,2017-10-06,before_promulgation
title,ustroystven-pravilnik-na-ministerstvoto-na-otbranata,2005,78,882,Министерски съвет,"Постановление № 202 от 17 септември 2005 г. за изменение и допълнение на Устройствения правилник на Министерството на отбраната, приет с Постановление № 162 на Министерския съвет от 1999 г.",amending,1.000,,2014-01-28,before_promulgation
title,ustroystven-pravilnik-na-ministerstvoto-na-otbranata,2007,19,3352,Министерски съвет,"Постановление № 38 от 20 февруари 2007 г. за изменение и допълнение на Устройствения правилник на Министерството на отбраната, приет с Постановление № 162 на Министерския съвет от 1999 г.",amending,1.000,,2014-01-28,before_promulgation
title,ustroystven-pravilnik-na-ministerstvoto-na-otbranata,2008,65,6488,Министерски съвет,Постановление № 167 от 11 юли 2008 г. за приемане на Устройствен правилник на Министерството на отбраната,adopting,1.000,,2014-01-28,before_promulgation
title,ustroystven-pravilnik-na-ministerstvoto-na-otbranata,2009,44,22117,Министерски съвет,Постановление № 140 от 4 юни 2009 г. за приемане на Устройствен правилник на Министерството на отбраната,adopting,1.000,,2014-01-28,before_promulgation
title,ustroystven-pravilnik-na-ministerstvoto-na-otbranata,2009,69,24579,Министерски съвет,"Постановление № 211 от 20 август 2009 г. за изменение и допълнение на Устройствения правилник на Министерството на отбраната, приет с Постановление № 140 на Министерския съвет от 2009 г.",amending,1.000,,2014-01-28,before_promulgation
title,ustroystven-pravilnik-na-ministerstvoto-na-otbranata,2011,39,50288,Министерски съвет,Постановление № 135 от 12 май 2011 г. за приемане на Устройствен правилник на Министерството на отбраната,adopting,1.000,,2014-01-28,before_promulgation
title,ustroystven-pravilnik-na-ministerstvoto-na-pravosadieto,2003,69,114151,Министерски съвет,"Постановление № 166 от 25 юли 2003 г. за изменение и допълнение на Устройствения правилник на Министерството на правосъдието, приет с Постановление № 192 на Министерския съвет от 2002 г.",amending,1.000,,2015-02-27,before_promulgation
title,ustroystven-pravilnik-na-ministerstvoto-na-pravosadieto,2004,18,21553,Министерски съвет,"Постановление № 39 от 25 февруари 2004 г. за изменение на Устройствения правилник на Министерството на правосъдието, приет с Постановление № 192 на Министерския съвет от 2002 г.",amending,1.000,,2015-02-27,before_promulgation
title,ustroystven-pravilnik-na-ministerstvoto-na-pravosadieto,2004,68,19472,Министерски съвет,"Постановление № 176 от 23 юли 2004 г. за изменение и допълнение на Устройствения правилник на Министерството на правосъдието, приет с Постановление № 192 на Министерския съвет от 2002 г.",amending,1.000,,2015-02-27,before_promulgation
title,ustroystven-pravilnik-na-ministerstvoto-na-pravosadieto,2004,97,18457,Министерски съвет,"Постановление № 282 от 21 октомври 2004 г. за изменение и допълнение на Устройствения правилник на Министерството на правосъдието, приет с Постановление № 192 на Министерския съвет от 2002 г.",amending,1.000,,2015-02-27,before_promulgation
title,ustroystven-pravilnik-na-ministerstvoto-na-pravosadieto,2005,19,14918,Министерски съвет,"Постановление № 28 от 18 февруари 2005 г. за изменение и допълнение на Устройствения правилник на Министерството на правосъдието, приет с Постановление № 192 на Министерския съвет от 2002 г.",amending,1.000,,2015-02-27,before_promulgation
title,ustroystven-pravilnik-na-ministerstvoto-na-pravosadieto,2005,50,441,Министерски съвет,"Постановление № 112 от 7 юни 2005 г. за изменение на Устройствения правилник на Министерството на правосъдието, приет с Постановление № 192 на Министерския съвет от 2002 г.",amending,1.000,,2015-02-27,before_promulgation
title,ustroystven-pravilnik-na-ministerstvoto-na-pravosadieto,2005,67,741,Министерски съвет,"Постановление № 183 от 9 август 2005 г. за изменение и допълнение на Устройствения правилник на Министерството на правосъдието, приет с Постановление № 192 на Министерския съвет от 2002 г.",amending,1.000,,2015-02-27,before_promulgation
title,ustroystven-pravilnik-na-ministerstvoto-na-pravosadieto,2006,35,1740,Министерски съвет,"Постановление № 91 от 19 април 2006 г. за изменение и допълнение на Устройствения правилник на Министерството на правосъдието, приет с Постановление № 192 на Министерския съвет от 2002 г.",amending,1.000,,2015-02-27,before_promulgation
title,ustroystven-pravilnik-na-ministerstvoto-na-pravosadieto,2007,21,3383,Министерски съвет,"Постановление № 46 от 28 февруари 2007 г. за изменение и допълнение на Устройствения правилник на Министерството на правосъдието, приет с Постановление № 192 на Министерския съвет от 2002 г.",amending,1.000,,2015-02-27,before_promulgation
title,ustroystven-pravilnik-na-ministerstvoto-na-pravosadieto,2007,86,4342,Министерски съвет,"Постановление № 253 от 22 октомври 2007 г. за изменение и допълнение на Устройствения правилник на Министерството на правосъдието, приет с Постановление № 192 на Министерския съвет от 2002 г.",amending,1.000,,2015-02-27,before_promulgation
title,ustroystven-pravilnik-na-ministerstvoto-na-pravosadieto,2008,34,5025,Министерски съвет,Постановление № 60 от 27 март 2008 г. за приемане на Устройствен правилник на Министерството на правосъдието,adopting,1.000,,2015-02-27,before_promulgation
title,ustroystven-pravilnik-na-ministerstvoto-na-pravosadieto,2009,59,23744,Министерски съвет,"Постановление № 180 от 20 юли 2009 г. за изменение и допълнение на Устройствения правилник на Министерството на правосъдието, приет с Постановление № 60 на Министерския съвет от 2008 г.",amending,1.000,,2015-02-27,before_promulgation
title,ustroystven-pravilnik-na-ministerstvoto-na-pravosadieto,2009,81,25681,Министерски съвет,"Постановление № 240 от 6 октомври 2009 г. за изменение и допълнение на Устройствения правилник на Министерството на правосъдието, приет с Постановление № 60 на Министерския съвет от 2008 г.",amending,1.000,,2015-02-27,before_promulgation
title,ustroystven-pravilnik-na-ministerstvoto-na-pravosadieto,2012,56,66654,Министерски съвет,Постановление № 152 от 17 юли 2012 г. за приемане на Устройствен правилник на Министерството на правосъдието,adopting,1.000,,2015-02-27,before_promulgation
title,ustroystven-pravilnik-na-ministerstvoto-na-pravosadieto,2013,84,79084,Министерски съвет,Постановление № 215 от 23 септември 2013 г. за приемане на Устройствен правилник на Министерството на правосъдието,adopting,1.000,,2015-02-27,before_promulgation
title,ustroystven-pravilnik-na-ministerstvoto-na-regionalnoto-razvitie-i-blagoustroyst,2003,26,103900,Министерски съвет,Постановление № 65 от 14 март 2003 г. за приемане на Устройствен правилник на Министерството на регионалното развитие и благоустройството,adopting,1.000,,2017-08-22,before_promulgation
title,ustroystven-pravilnik-na-ministerstvoto-na-regionalnoto-razvitie-i-blagoustroyst,2003,97,123161,Министерски съвет,"Постановление № 238 от 24 октомври 2003 г. за изменение на Устройствения правилник на Министерството на регионалното развитие и благоустройството, приет с Постановление № 65 на Министерския съвет от 2003 г.",amending,1.000,,2017-08-22,before_promulgation
title,ustroystven-pravilnik-na-ministerstvoto-na-regionalnoto-razvitie-i-blagoustroyst,2004,72,19162,Министерски съвет,"Постановление № 206 от 5 август 2004 г. за изменение и допълнение на Устройствения правилник на Министерството на регионалното развитие и благоустройството, приет с Постановление № 65 на Министерския съвет от 2003 г.",amending,1.000,,2017-08-22,before_promulgation
title,ustroystven-pravilnik-na-ministerstvoto-na-regionalnoto-razvitie-i-blagoustroyst,2006,28,1627,Министерски съвет,Постановление № 68 от 29 март 2006 г. за приемане на Устройствен правилник на Министерството на регионалното развитие и благоустройството,adopting,1.000,,2017-08-22,before_promulgation
title,ustroystven-pravilnik-na-ministerstvoto-na-regionalnoto-razvitie-i-blagoustroyst,2006,65,2349,Министерски съвет,"Постановление № 196 от 1 август 2006 г. за изменение и допълнение на Устройствения правилник на Министерството на регионалното развитие и благоустройството, приет с Постановление № 68 на Министерския съвет от 2006 г.",amending,1.000,,2017-08-22,before_promulgation
title,ustroystven-pravilnik-na-ministerstvoto-na-regionalnoto-razvitie-i-blagoustroyst,2007,46,3797,Министерски съвет,"Постановление № 125 от 1 юни 2007 г. за изменение и допълнение на Устройствения правилник на Министерството на регионалното развитие и благоустройството, приет с Постановление № 68 на Министерския съвет от 2006 г.",amending,1.000,,2017-08-22,before_promulgation
title,ustroystven-pravilnik-na-ministerstvoto-na-regionalnoto-razvitie-i-blagoustroyst,2007,104,4522,Министерски съвет,"Постановление № 291 от 3 декември 2007 г. за изменение и допълнение на Устройствения правилник на Министерството на регионалното развитие и благоустройството, приет с Постановление № 68 на Министерския съвет от 2006 г.",amending,1.000,,2017-08-22,before_promulgation
title,ustroystven-pravilnik-na-ministerstvoto-na-regionalnoto-razvitie-i-blagoustroyst,2008,83,9009,Министерски съвет,"Постановление № 230 от 17 септември 2008 г. за изменение на Устройствения правилник на Министерството на регионалното развитие и благоустройството, приет с Постановление № 68 на Министерския съвет от 2006 г.",amending,1.000,,2017-08-22,before_promulgation
title,ustroystven-pravilnik-na-ministerstvoto-na-regionalnoto-razvitie-i-blagoustroyst,2009,26,18217,Министерски съвет,"Постановление № 71 от 30 март 2009 г. за изменение и допълнение на Устройствения правилник на Министерството на регионалното развитие и благоустройството, приет с Постановление № 68 на Министерския съвет от 2006 г.",amending,1.000,,2017-08-22,before_promulgation
title,ustroystven-pravilnik-na-ministerstvoto-na-regionalnoto-razvitie-i-blagoustroyst,2009,94,27040,Министерски съвет,Постановление № 271 от 17 ноември 2009 г. за приемане на Устройствен правилник на Министерството на регионалното развитие и благоустройството,adopting,1.000,,2017-08-22,before_promulgation
title,ustroystven-pravilnik-na-ministerstvoto-na-regionalnoto-razvitie-i-blagoustroyst,2011,52,53898,Министерски съвет,"Постановление № 184 от 30 юни 2011 г. за изменение и допълнение на Устройствения правилник на Министерството на регионалното развитие и благоустройството, приет с Постановление № 271 на Министерския съвет от 2009 г.",amending,1.000,,2017-08-22,before_promulgation
title,ustroystven-pravilnik-na-ministerstvoto-na-regionalnoto-razvitie-i-blagoustroyst,2011,83,57915,Министерски съвет,"Постановление № 289 от 20 октомври 2011 г. за изменение и допълнение на Устройствения правилник на Министерството на регионалното развитие и благоустройството, приет с Постановление № 271 на Министерския съвет от 2009 г.",amending,1.000,,2017-08-22,before_promulgation
title,ustroystven-pravilnik-na-ministerstvoto-na-regionalnoto-razvitie-i-blagoustroyst,2012,87,70125,Министерски съвет,"Постановление № 274 от 1 ноември 2012 г. за изменение и допълнение на Устройствения правилник на Министерството на регионалното развитие и благоустройството, приет с Постановление № 271 на Министерския съвет от 2009 г.",amending,1.000,,2017-08-22,before_promulgation
title,ustroystven-pravilnik-na-ministerstvoto-na-regionalnoto-razvitie-i-blagoustroyst,2012,94,70706,Министерски съвет,"Постановление № 292 от 22 ноември 2012 г. за изменение на Устройствения правилник на Министерството на регионалното развитие и благоустройството, приет с Постановление № 271 на Министерския съвет от 2009 г.",amending,1.000,,2017-08-22,before_promulgation
title,ustroystven-pravilnik-na-ministerstvoto-na-regionalnoto-razvitie-i-blagoustroyst,2014,102,90561,Министерски съвет,Постановление № 388 от 10 декември 2014 г. за приемане на Устройствен правилник на Министерството на регионалното развитие и благоустройството,adopting,1.000,,2017-08-22,before_promulgation
title,ustroystven-pravilnik-na-ministerstvoto-na-truda-i-sotsialnata-politika,2005,76,849,Министерски съвет,"Постановление № 199 от 12 септември 2005 г. за изменение и допълнение на Устройствения правилник на Министерството на труда и социалната политика, приет с Постановление № 260 на Министерския съвет от 2002 г.",amending,1.000,,2009-11-17,before_promulgation
title,ustroystven-pravilnik-na-ministerstvoto-na-truda-i-sotsialnata-politika,2005,82,935,Министерски съвет,"Постановление № 214 от 6 октомври 2005 г. за изменение и допълнение на Устройствения правилник на Министерството на труда и социалната политика, приет с Постановление № 260 на Министерския съвет от 2002 г.",amending,1.000,,2009-11-17,before_promulgation
title,ustroystven-pravilnik-na-ministerstvoto-na-truda-i-sotsialnata-politika,2007,34,3550,Министерски съвет,Постановление № 80 от 12 април 2007 г. за приемане на Устройствен правилник на Министерството на труда и социалната политика,adopting,1.000,,2009-11-17,before_promulgation
title,ustroystven-pravilnik-na-ministerstvoto-na-truda-i-sotsialnata-politika,2009,61,23807,Министерски съвет,"Постановление № 186 от 22 юли 2009 г. за изменение и допълнение на Устройствения правилник на Министерството на труда и социалната политика, приет с Постановление № 80 на Министерския съвет от 2007 г.",amending,1.000,,2009-11-17,before_promulgation
title,ustroystven-pravilnik-na-ministerstvoto-na-truda-i-sotsialnata-politika,2009,86,26260,Министерски съвет,"Постановление № 252 от 22 октомври 2009 г. за изменение и допълнение на Устройствения правилник на Министерството на труда и социалната политика, приет с Постановление № 80 на Министерския съвет от 2007 г.",amending,1.000,,2009-11-17,before_promulgation
title,ustroystven-pravilnik-na-ministerstvoto-na-turizma,2018,108,133419,Министерски съвет,"Постановление № 348 от 27 декември 2018 г. за изменение и допълнение на Устройствения правилник на Министерството на туризма, приет с Постановление № 447 на Министерския съвет от 2014 г.",amending,1.000,,2022-05-03,before_promulgation
title,ustroystven-pravilnik-na-ministerstvoto-na-vanshnite-raboti,2003,76,115354,Министерски съвет,Постановление № 186 от 21 август 2003 г. за приемане на Устройствен правилник на Министерството на външните работи,adopting,1.000,,2013-09-13,before_promulgation
title,ustroystven-pravilnik-na-ministerstvoto-na-vanshnite-raboti,2004,25,21383,Министерски съвет,"Постановление № 62 от 16 март 2004 г. за изменение на Устройствения правилник на Министерството на външните работи, приет с Постановление № 186 на Министерския съвет от 2003 г.",amending,1.000,,2013-09-13,before_promulgation
title,ustroystven-pravilnik-na-ministerstvoto-na-vanshnite-raboti,2004,34,21167,Министерски съвет,"Постановление № 78 от 22 април 2004 г. за изменение на Устройствения правилник на Министерството на външните работи, приет с Постановление № 186 на Министерския съвет от 2003 г.",amending,1.000,,2013-09-13,before_promulgation
title,ustroystven-pravilnik-na-ministerstvoto-na-vanshnite-raboti,2005,58,588,Министерски съвет,"Постановление № 143 от 5 юли 2005 г. за изменение и допълнение на Устройствения правилник на Министерството на външните работи, приет с Постановление № 186 на Министерския съвет от 2003 г.",amending,1.000,,2013-09-13,before_promulgation
title,ustroystven-pravilnik-na-ministerstvoto-na-vanshnite-raboti,2006,19,1490,Министерски съвет,Постановление № 34 от 21 февруари 2006 г. за приемане на Устройствен правилник на Министерството на външните работи,adopting,1.000,,2013-09-13,before_promulgation
title,ustroystven-pravilnik-na-ministerstvoto-na-vanshnite-raboti,2006,21,54710,Министерски съвет,"Поправка в Постановление № 34 на Министерския съвет от 2006 г. за приемане на Устройствен правилник на Министерството на външните работи (ДВ, бр. 19 от 2006 г.)",corrigendum,1.000,,2013-09-13,before_promulgation
title,ustroystven-pravilnik-na-ministerstvoto-na-vanshnite-raboti,2007,75,4133,Министерски съвет,"Постановление № 206 от 5 септември 2007 г. за изменение на Устройствения правилник на Министерството на външните работи, приет с Постановление № 34 на Министерския съвет от 2006 г.",amending,1.000,,2013-09-13,before_promulgation
title,ustroystven-pravilnik-na-ministerstvoto-na-vanshnite-raboti,2010,4,28570,Министерски съвет,Постановление № 340 от 30 декември 2009 г. за приемане на Устройствен правилник на Министерството на външните работи,adopting,1.000,,2013-09-13,before_promulgation
title,ustroystven-pravilnik-na-ministerstvoto-na-vanshnite-raboti,2011,105,59947,Министерски съвет,Постановление № 365 от 27 декември 2011 г. за приемане на Устройствен правилник на Министерството на външните работи,adopting,1.000,,2013-09-13,before_promulgation
title,ustroystven-pravilnik-na-ministerstvoto-na-vanshnite-raboti,2012,15,61720,Министерски съвет,"Поправка в Устройствения правилник на Министерството на външните работи, приет с Постановление № 365 на Министерския съвет от 2011 г. за изменение и допълнение на нормативни актове на Министерския съвет (ДВ, бр. 105 от 2011 г.)",corrigendum,1.000,,2013-09-13,before_promulgation
title,ustroystven-pravilnik-na-ministerstvoto-na-zdraveopazvaneto,2004,2,22286,Министерски съвет,"Постановление № 325 от 29 декември 2003 г. за изменение и допълнение на Устройствения правилник на Министерството на здравеопазването, приет с Постановление № 218 на Министерския съвет от 1999 г.",amending,1.000,,2019-03-29,before_promulgation
title,ustroystven-pravilnik-na-ministerstvoto-na-zdraveopazvaneto,2005,47,395,Министерски съвет,"Постановление № 95 от 27 май 2005 г. за изменение и допълнение на Устройствения правилник на Министерството на здравеопазването, приет с Постановление № 218 на Министерския съвет от 1999 г.",amending,1.000,,2019-03-29,before_promulgation
title,ustroystven-pravilnik-na-ministerstvoto-na-zdraveopazvaneto,2005,64,697,Министерски съвет,"Постановление № 177 от 27 юли 2005 г. за изменение и допълнение на Устройствения правилник на Министерството на здравеопазването, приет с Постановление № 218 на Министерския съвет от 1999 г.",amending,1.000,,2019-03-29,before_promulgation
title,ustroystven-pravilnik-na-ministerstvoto-na-zdraveopazvaneto,2006,22,1534,Министерски съвет,Постановление № 43 от 2 март 2006 г. за приемане на Устройствен правилник на Министерството на здравеопазването,adopting,1.000,,2019-03-29,before_promulgation
title,ustroystven-pravilnik-na-ministerstvoto-na-zdraveopazvaneto,2008,24,4891,Министерски съвет,"Постановление № 32 от 22 февруари 2008 г. за изменение и допълнение на Устройствения правилник на Министерството на здравеопазването, приет с Постановление № 43 на Министерския съвет от 2006 г.",amending,1.000,,2019-03-29,before_promulgation
title,ustroystven-pravilnik-na-ministerstvoto-na-zdraveopazvaneto,2009,19,16983,Министерски съвет,"Постановление № 48 от 4 март 2009 г. за изменение и допълнение на Устройствения правилник на Министерството на здравеопазването, приет с Постановление № 43 на Министерския съвет от 2006 г.",amending,1.000,,2019-03-29,before_promulgation
title,ustroystven-pravilnik-na-ministerstvoto-na-zdraveopazvaneto,2009,26,18218,Министерски съвет,"Постановление № 73 от 30 март 2009 г. за изменение и допълнение на Устройствения правилник на Министерството на здравеопазването, приет с Постановление № 43 на Министерския съвет от 2006 г.",amending,1.000,,2019-03-29,before_promulgation
title,ustroystven-pravilnik-na-ministerstvoto-na-zdraveopazvaneto,2009,88,26443,Министерски съвет,Постановление № 256 от 28 октомври 2009 г. за приемане на Устройствен правилник на Министерството на здравеопазването,adopting,1.000,,2019-03-29,before_promulgation
title,ustroystven-pravilnik-na-ministerstvoto-na-zdraveopazvaneto,2009,98,27553,Министерски съвет,"Постановление № 288 от 3 декември 2009 г. за изменение и допълнение на Устройствения правилник на Министерството на здравеопазването, приет с Постановление № 256 на Министерския съвет от 2009 г.",amending,1.000,,2019-03-29,before_promulgation
title,ustroystven-pravilnik-na-ministerstvoto-na-zdraveopazvaneto,2010,55,34968,Министерски съвет,"Постановление № 137 от 13 юли 2010 г. за изменение и допълнение на Устройствения правилник на Министерството на здравеопазването, приет с Постановление № 256 на Министерския съвет от 2009 г.",amending,1.000,,2019-03-29,before_promulgation
title,ustroystven-pravilnik-na-ministerstvoto-na-zdraveopazvaneto,2011,59,55528,Министерски съвет,"Постановление № 222 от 27 юли 2011 г. за изменение и допълнение на Устройствения правилник на Министерството на здравеопазването, приет с Постановление № 256 на Министерския съвет от 2009 г.",amending,1.000,,2019-03-29,before_promulgation
title,ustroystven-pravilnik-na-ministerstvoto-na-zdraveopazvaneto,2011,99,59416,Министерски съвет,"Постановление № 336 от 8 декември 2011 г. за изменение и допълнение на Устройствения правилник на Министерството на здравеопазването, приет с Постановление № 256 на Министерския съвет от 2009 г.",amending,1.000,,2019-03-29,before_promulgation
title,ustroystven-pravilnik-na-ministerstvoto-na-zdraveopazvaneto,2012,68,68071,Министерски съвет,"Постановление № 195 от 28 август 2012 г. за изменение и допълнение на Устройствения правилник на Министерството на здравеопазването, приет с Постановление № 256 на Министерския съвет от 2009 г.",amending,1.000,,2019-03-29,before_promulgation
title,ustroystven-pravilnik-na-ministerstvoto-na-zdraveopazvaneto,2013,64,77470,Министерски съвет,Постановление № 149 от 12 юли 2013 г. за приемане на Устройствен правилник на Министерството на здравеопазването,adopting,1.000,,2019-03-29,before_promulgation
title,ustroystven-pravilnik-na-ministerstvoto-na-zdraveopazvaneto,2014,81,88255,Министерски съвет,"Постановление № 302 от 19 септември 2014 г. за изменение и допълнение на Устройствения правилник на Министерството на здравеопазването, приет с Постановление № 149 на Министерския съвет от 2013 г.",amending,1.000,,2019-03-29,before_promulgation
title,ustroystven-pravilnik-na-ministerstvoto-na-zdraveopazvaneto,2016,10,100749,Министерски съвет,"Постановление № 22 от 2 февруари 2016 г. за изменение и допълнение на Устройствения правилник на Министерството на здравеопазването, приет с Постановление № 67 на Министерския съвет от 2015 г.",amending,1.000,,2019-03-29,before_promulgation
title,ustroystven-pravilnik-na-ministerstvoto-na-zdraveopazvaneto,2017,60,116499,Министерски съвет,Постановление № 148 от 24 юли 2017 г. за приемане на Устройствен правилник на Министерството на здравеопазването,adopting,1.000,,2019-03-29,before_promulgation
title,ustroystven-pravilnik-na-ministerstvoto-na-zemedelieto-i-hranite-zagl-izm-dv-br-,2009,3,14064,Министерски съвет,"Постановление № 341 от 30 декември 2008 г. за изменение и допълнение на Устройствения правилник на Министерството на земеделието и храните, приет с Постановление № 125 на Министерския съвет от 2006 г.",amending,1.000,,2019-10-18,before_promulgation
title,ustroystven-pravilnik-na-ministerstvoto-na-zemedelieto-i-hranite-zagl-izm-dv-br-,2012,15,61819,Министерски съвет,"Поправка в Постановление № 20 на Министерския съвет от 2012 г. за изменение и допълнение на Устройствения правилник на Министерството на земеделието и храните, приет с Постановление № 265 на Министерския съвет от 2009 г. (ДВ, бр. 14 от 2012 г.)",corrigendum,1.000,,2019-10-18,before_promulgation
title,ustroystven-pravilnik-na-ministerstvoto-na-zemedelieto-i-hranite-zagl-izm-dv-br-,2013,77,78607,Министерски съвет,Постановление № 188 от 29 август 2013 г. за приемане на Устройствен правилник на Министерството на земеделието и храните,adopting,1.000,,2019-10-18,before_promulgation
title,ustroystven-pravilnik-na-ministerstvoto-na-zemedelieto-i-hranite-zagl-izm-dv-br-,2014,103,90606,Министерски съвет,"Постановление № 394 от 11 декември 2014 г. за изменение и допълнение на Устройствения правилник на Министерството на земеделието и храните, приет с Постановление № 188 на Министерския съвет от 2013 г.",amending,1.000,,2019-10-18,before_promulgation
title,ustroystven-pravilnik-na-ministerstvoto-na-zemedelieto-i-hranite-zagl-izm-dv-br-,2016,12,100858,Министерски съвет,"Постановление № 25 от 5 февруари 2016 г. за изменение и допълнение на Устройствения правилник на Министерството на земеделието и храните, приет с Постановление № 188 на Министерския съвет от 2013 г.",amending,1.000,,2019-10-18,before_promulgation
title,ustroystven-pravilnik-na-ministerstvoto-na-zemedelieto-i-hranite-zagl-izm-dv-br-,2016,41,104127,Министерски съвет,"Постановление № 128 от 25 май 2016 г. за изменение на Устройствения правилник на Министерството на земеделието и храните, приет с Постановление № 188 на Министерския съвет от 2013 г.",amending,1.000,,2019-10-18,before_promulgation
title,ustroystven-pravilnik-na-natsionalnata-sluzhba-za-rastitelna-zashtita,2003,39,104540,Министерство на земеделието и горите,Правилник за изменение и допълнение на Устройствения правилник на Националната служба за растителна защита,amending,1.000,,2004-05-28,before_promulgation
title,ustroystven-pravilnik-na-patentnoto-vedomstvo-na-republika-balgariya,2011,7,42634,Патентно ведомство на Република България,Устройствен правилник на Патентното ведомство на Република България,promulgation,1.000,,2024-06-21,before_promulgation
title,ustroystven-pravilnik-na-patentnoto-vedomstvo-na-republika-balgariya,2012,61,67162,Патентно ведомство на Република България,Устройствен правилник на Патентното ведомство на Република България,promulgation,1.000,,2024-06-21,before_promulgation
title,ustroystven-pravilnik-na-patentnoto-vedomstvo-na-republika-balgariya,2015,14,92073,Патентно ведомство,Устройствен правилник на Патентното ведомство на Република България,promulgation,1.000,,2024-06-21,before_promulgation
title,ustroystven-pravilnik-na-patentnoto-vedomstvo-na-republika-balgariya,2015,93,98974,Патентно ведомство на Република България,Устройствен правилник на Патентното ведомство на Република България,promulgation,1.000,,2024-06-21,before_promulgation
title,ustroystven-pravilnik-na-patentnoto-vedomstvo-na-republika-balgariya,2016,76,107727,Патентно ведомство,Устройствен правилник на Патентното ведомство на Република България,promulgation,1.000,,2024-06-21,before_promulgation
title,ustroystven-pravilnik-na-patentnoto-vedomstvo-na-republika-balgariya,2017,14,111768,Патентно ведомство на Република България,Правилник за изменение на Устройствения правилник на Патентното ведомство на Република България,amending,1.000,,2024-06-21,before_promulgation
title,ustroystven-pravilnik-na-patentnoto-vedomstvo-na-republika-balgariya,2017,31,113444,Патентно ведомство на Република България,Правилник за изменение и допълнение на Устройствения правилник на Патентното ведомство на Република България,amending,1.000,,2024-06-21,before_promulgation
title,ustroystven-pravilnik-na-patentnoto-vedomstvo-na-republika-balgariya,2018,61,128712,Патентно ведомство на Република България,Устройствен правилник на Патентното ведомство на Република България,promulgation,1.000,,2024-06-21,before_promulgation
title,ustroystven-pravilnik-na-patentnoto-vedomstvo-na-republika-balgariya,2019,2,133448,Патентно ведомство на Република България,Правилник за изменение и допълнение на Устройствения правилник на Патентното ведомство на Република България,amending,1.000,,2024-06-21,before_promulgation
title,ustroystven-pravilnik-na-patentnoto-vedomstvo-na-republika-balgariya,2019,9,134108,Патентно ведомство на Република България,Правилник за изменение и допълнение на Устройствения правилник на Патентното ведомство на Република България,amending,1.000,,2024-06-21,before_promulgation
title,ustroystven-pravilnik-na-patentnoto-vedomstvo-na-republika-balgariya,2019,85,142342,Патентно ведомство на Република България,Правилник за изменение на Устройствения правилник на Патентното ведомство на Република България,amending,1.000,,2024-06-21,before_promulgation
title,ustroystven-pravilnik-na-patentnoto-vedomstvo-na-republika-balgariya,2019,87,142482,Патентно ведомство на Република България,Правилник за изменение на Устройствения правилник на Патентното ведомство на Република България,amending,1.000,,2024-06-21,before_promulgation
title,ustroystven-pravilnik-na-patentnoto-vedomstvo-na-republika-balgariya,2020,80,151454,Патентно ведомство на Република България,Правилник за изменение на Устройствения правилник на Патентното ведомство на Република България,amending,1.000,,2024-06-21,before_promulgation
title,ustroystven-pravilnik-na-patentnoto-vedomstvo-na-republika-balgariya,2021,62,160229,Патентно ведомство на Република България,Правилник за изменение и допълнение на Устройствения правилник на Патентното ведомство на Република България,amending,1.000,,2024-06-21,before_promulgation
title,ustroystven-pravilnik-na-patentnoto-vedomstvo-na-republika-balgariya,2021,99,165049,Патентно ведомство на Република България,Правилник за изменение на Устройствения правилник на Патентното ведомство на Република България,amending,1.000,,2024-06-21,before_promulgation
title,ustroystven-pravilnik-na-patentnoto-vedomstvo-na-republika-balgariya,2022,22,171129,Патентно ведомство на Република България,Правилник за изменение на Устройствения правилник на Патентното ведомство на Република България,amending,1.000,,2024-06-21,before_promulgation
title,ustroystven-pravilnik-na-selskostopanskata-akademiya,2008,83,8965,Министерски съвет,Постановление № 226 от 15 септември 2008 г. за приемане на Устройствен правилник на Селскостопанската академия,adopting,1.000,,2018-07-31,before_promulgation
title,ustroystven-pravilnik-na-selskostopanskata-akademiya,2010,84,38279,Министерски съвет,"Постановление № 239 от 15 октомври 2010 г. за изменение на Устройствения правилник на Селскостопанската академия, приет с Постанов­ление № 226 на Министерския съвет от 2008 г.",amending,1.000,,2018-07-31,before_promulgation
title,ustroystven-pravilnik-na-selskostopanskata-akademiya,2014,36,84499,Министерски съвет,"Постановление № 91 от 17 април 2014 г. за изменение на Устройствения правилник на Селскостопанската академия, приет с Постановление № 226 на Министерския съвет от 2008 г.",amending,1.000,,2018-07-31,before_promulgation
title,ustroystven-pravilnik-na-tsentara-na-promishlenostta-na-republika-balgariya-v-mo,2004,71,19212,Министерство на икономиката,"Правилник за изменение и допълнение на Устройствения правилник на Центъра на промишлеността на Република България в Москва, Руска федерация",amending,1.000,,2012-10-05,before_promulgation
title,ustroystven-pravilnik-na-tsentara-na-promishlenostta-na-republika-balgariya-v-mo,2006,41,1907,Министерство на икономиката и енергетиката,"Устройствен правилник на Центъра на промишлеността на Република България в Москва, Руска федерация",promulgation,1.000,,2012-10-05,before_promulgation
title,ustroystven-pravilnik-na-tsentara-na-promishlenostta-na-republika-balgariya-v-mo,2007,85,4322,Министерство на икономиката и енергетиката,"Правилник за изменение и допълнение на Устройствения правилник на Центъра на промишлеността на Република България в Москва, Руска федерация",amending,1.000,,2012-10-05,before_promulgation
title,ustroystven-pravilnik-na-tsentara-na-promishlenostta-na-republika-balgariya-v-mo,2008,28,4942,Министерство на икономиката и енергетиката,"Правилник за изменение на Устройствения правилник на Центъра на промишлеността на Република България в Москва, Руска федерация",amending,1.000,,2012-10-05,before_promulgation
title,ustroystven-pravilnik-na-tsentara-na-promishlenostta-na-republika-balgariya-v-mo,2010,8,28872,"Министерство на икономиката, енергетиката и туризма","Устройствен правилник на Центъра на промишлеността на Република България в Москва, Руска федерация",promulgation,1.000,,2012-10-05,before_promulgation
title,ustroystven-pravilnik-na-tsentara-za-razvitie-na-choveshkite-resursi-i-regionaln,2008,58,5526,Министерство на труда и социалната политика,Устройствен правилник на Центъра за развитие на човешките ресурси и регионални инициативи,promulgation,1.000,,2012-08-03,before_promulgation
title,ustroystven-pravilnik-na-tsentara-za-razvitie-na-choveshkite-resursi-i-regionaln,2009,20,17066,Министерство на труда и социалната политика,Правилник за изменение и допълнение на Устройствения правилник на Центъра за развитие на човешките ресурси и регионални инициативи,amending,1.000,,2012-08-03,before_promulgation
title,ustroystven-pravilnik-na-tsentara-za-razvitie-na-choveshkite-resursi-i-regionaln,2009,76,25192,Министерство на труда и социалната политика,Правилник за изменение на Устройствения правилник на Центъра за развитие на човешките ресурси и регионални инициативи,amending,1.000,,2012-08-03,before_promulgation
title,ustroystven-pravilnik-na-tsentara-za-razvitie-na-choveshkite-resursi-i-regionaln,2010,18,30397,Министерство на труда и социалната политика,Правилник за изменение на Устройствения правилник на Центъра за развитие на човешките ресурси и регионални инициативи,amending,1.000,,2012-08-03,before_promulgation
title,zakon-za-balgarskata-narodna-banka,2005,10,14749,Народно събрание,Закон за изменение и допълнение на Закона за Българската народна банка,amending,1.000,,2024-02-13,before_promulgation
title,zakon-za-balgarskata-narodna-banka,2015,48,95401,Народно събрание,Закон за изменение на Закона за Българската народна банка,amending,1.000,,2024-02-13,before_promulgation
title,zakon-za-balgarskata-narodna-banka,2018,106,133131,Народно събрание,Закон за изменение и допълнение на Закона за Българската народна банка,amending,1.000,,2024-02-13,before_promulgation
title,zakon-za-balgarskata-narodna-banka,2022,104,182521,Народно събрание,Закон за изменение и допълнение на Закона за Българската народна банка,amending,1.000,,2024-02-13,before_promulgation
title,zakon-za-chastnata-ohranitelna-deynost,2004,15,21600,Народно събрание,Закон за частната охранителна дейност,promulgation,1.000,,2018-01-30,before_promulgation
title,zakon-za-chastnata-ohranitelna-deynost,2010,35,32631,Народно събрание,Закон за допълнение на Закона за частната охранителна дейност,amending,1.000,,2018-01-30,before_promulgation
title,zakon-za-chastnata-ohranitelna-deynost,2011,43,51155,Народно събрание,Закон за изменение и допълнение на Закона за частната охранителна дейност,amending,1.000,,2018-01-30,before_promulgation
title,zakon-za-chastnata-ohranitelna-deynost,2016,48,104878,Народно събрание,Закон за изменение и допълнение на Закона за частната охранителна дейност,amending,1.000,,2018-01-30,before_promulgation
title,zakon-za-danak-varhu-dobavenata-stoynost,2003,109,123349,Народно събрание,Закон за изменение и допълнение на Закона за данък върху добавената стойност,amending,1.000,,2006-08-04,before_promulgation
title,zakon-za-danak-varhu-dobavenata-stoynost,2004,108,18215,Народно събрание,Закон за изменение и допълнение на Закона за данък върху добавената стойност,amending,1.000,,2006-08-04,before_promulgation
title,zakon-za-danak-varhu-dobavenata-stoynost,2005,100,1132,Народно събрание,Закон за изменение и допълнение на Закона за данък върху добавената стойност,amending,1.000,,2006-08-04,before_promulgation
title,zakon-za-darzhavnite-pomoshti,2006,86,2725,Народно събрание,Закон за държавните помощи,promulgation,1.000,,2017-10-24,before_promulgation
title,zakon-za-energiynata-efektivnost,2004,18,21520,Народно събрание,Закон за енергийната ефективност,promulgation,1.000,,2015-05-15,before_promulgation
title,zakon-za-energiynata-efektivnost,2007,55,3895,Народно събрание,Закон за изменение и допълнение на Закона за енергийната ефективност,amending,1.000,,2015-05-15,before_promulgation
title,zakon-za-energiynata-efektivnost,2008,98,10759,Народно събрание,Закон за енергийната ефективност,promulgation,1.000,,2015-05-15,before_promulgation
title,zakon-za-fizicheskoto-vazpitanie-i-sporta,2005,103,1177,Народно събрание,Закон за изменение на Закона за физическото възпитание и спорта,amending,1.000,,2018-10-18,before_promulgation
title,zakon-za-fizicheskoto-vazpitanie-i-sporta,2008,50,5258,Народно събрание,Закон за изменение и допълнение на Закона за физическото възпитание и спорта,amending,1.000,,2018-10-18,before_promulgation
title,zakon-za-fizicheskoto-vazpitanie-i-sporta,2010,50,34209,Народно събрание,Закон за изменение и допълнение на Закона за физическото възпитание и спорта,amending,1.000,,2018-10-18,before_promulgation
title,zakon-za-fizicheskoto-vazpitanie-i-sporta,2010,96,40953,Народно събрание,Закон за изменение и допълнение на Закона за физическото възпитание и спорта,amending,1.000,,2018-10-18,before_promulgation
title,zakon-za-fizicheskoto-vazpitanie-i-sporta,2011,35,48897,Народно събрание,Закон за изменение и допълнение на Закона за физическото възпитание и спорта,amending,1.000,,2018-10-18,before_promulgation
title,zakon-za-fizicheskoto-vazpitanie-i-sporta,2012,87,69991,Народно събрание,Закон за изменение и допълнение на Закона за физическото възпитание и спорта,amending,1.000,,2018-10-18,before_promulgation
title,zakon-za-fizicheskoto-vazpitanie-i-sporta,2012,102,71193,Народно събрание,Закон за изменение и допълнение на Закона за физическото възпитание и спорта,amending,1.000,,2018-10-18,before_promulgation
title,zakon-za-fizicheskoto-vazpitanie-i-sporta,2014,21,83188,Народно събрание,Закон за изменение и допълнение на Закона за физическото възпитание и спорта,amending,1.000,,2018-10-18,before_promulgation
title,zakon-za-fizicheskoto-vazpitanie-i-sporta,2014,66,86924,Народно събрание,Закон за допълнение на Закона за физическото възпитание и спорта,amending,1.000,,2018-10-18,before_promulgation
title,zakon-za-garantirane-na-vlogovete-v-bankite,2005,31,15130,Народно събрание,Закон за изменение на Закона за гарантиране на влоговете в банките,amending,1.000,,2015-08-14,before_promulgation
title,zakon-za-garantirane-na-vlogovete-v-bankite,2006,64,2324,Народно събрание,Закон за изменение и допълнение на Закона за гарантиране на влоговете в банките,amending,1.000,,2015-08-14,before_promulgation
title,zakon-za-garantirane-na-vlogovete-v-bankite,2008,98,10622,Народно събрание,Закон за изменение на Закона за гарантиране на влоговете в банките,amending,1.000,,2015-08-14,before_promulgation
title,zakon-za-garantirane-na-vlogovete-v-bankite,2009,44,21837,Народно събрание,Закон за изменение и допълнение на Закона за гарантиране на влоговете в банките,amending,1.000,,2015-08-14,before_promulgation
title,zakon-za-gorite,2003,16,101572,Народно събрание,Закон за изменение и допълнение на Закона за горите,amending,1.000,,2011-03-08,before_promulgation
title,zakon-za-gorite,2005,72,810,Народно събрание,Закон за изменение и допълнение на Закона за горите,amending,1.000,,2011-03-08,before_promulgation
title,zakon-za-gorite,2007,64,4032,Народно събрание,Закон за изменение и допълнение на Закона за горите,amending,1.000,,2011-03-08,before_promulgation
title,zakon-za-gorite,2009,6,14852,Народно събрание,Закон за изменение и допълнение на Закона за горите,amending,1.000,,2011-03-08,before_promulgation
title,zakon-za-gorite,2009,80,25515,Народно събрание,Закон за изменение и допълнение на Закона за горите,amending,1.000,,2011-03-08,before_promulgation
title,zakon-za-hazarta,2005,79,892,Народно събрание,Закон за изменение и допълнение на Закона за хазарта,amending,1.000,,2012-03-30,before_promulgation
title,zakon-za-hazarta,2011,35,48898,Народно събрание,Закон за изменение на Закона за хазарта,amending,1.000,,2012-03-30,before_promulgation
title,zakon-za-hranite,2003,102,123245,Народно събрание,Закон за изменение и допълнение на Закона за храните,amending,1.000,,2020-06-09,before_promulgation
title,zakon-za-hranite,2006,31,1681,Народно събрание,Закон за изменение и допълнение на Закона за храните,amending,1.000,,2020-06-09,before_promulgation
title,zakon-za-hranite,2010,23,30885,Народно събрание,Закон за допълнение на Закона за храните,amending,1.000,,2020-06-09,before_promulgation
title,zakon-za-hranite,2010,59,35323,Народно събрание,Закон за изменение и допълнение на Закона за храните,amending,1.000,,2020-06-09,before_promulgation
title,zakon-za-kontsesiite,2004,80,18774,Народно събрание,Закон за изменение и допълнение на Закона за концесиите,amending,1.000,,2017-12-01,before_promulgation
title,zakon-za-kontsesiite,2008,67,7182,Народно събрание,Закон за изменение и допълнение на Закона за концесиите,amending,1.000,,2017-12-01,before_promulgation
title,zakon-za-kontsesiite,2011,50,53056,Народно събрание,Закон за допълнение на Закона за концесиите,amending,1.000,,2017-12-01,before_promulgation
title,zakon-za-korporativnoto-podohodno-oblagane,2003,109,123348,Народно събрание,Закон за изменение и допълнение на Закона за корпоративното подоходно облагане,amending,1.000,,2006-12-22,before_promulgation
title,zakon-za-korporativnoto-podohodno-oblagane,2004,53,20049,Народно събрание,Закон за изменение и допълнение на Закона за корпоративното подоходно облагане,amending,1.000,,2006-12-22,before_promulgation
title,zakon-za-korporativnoto-podohodno-oblagane,2004,107,18237,Народно събрание,Закон за изменение и допълнение на Закона за корпоративното подоходно облагане,amending,1.000,,2006-12-22,before_promulgation
title,zakon-za-korporativnoto-podohodno-oblagane,2005,102,1163,Народно събрание,Закон за изменение и допълнение на Закона за корпоративното подоходно облагане,amending,1.000,,2006-12-22,before_promulgation
title,zakon-za-markite-i-geografskite-oznacheniya,2005,43,300,Народно събрание,Закон за изменение и допълнение на Закона за марките и географските означения,amending,1.000,,2019-12-13,before_promulgation
title,zakon-za-markite-i-geografskite-oznacheniya,2006,73,2500,Народно събрание,Закон за изменение и допълнение на Закона за марките и географските означения,amending,1.000,,2019-12-13,before_promulgation
title,zakon-za-markite-i-geografskite-oznacheniya,2010,19,30553,Народно събрание,Закон за изменение и допълнение на Закона за марките и географските означения,amending,1.000,,2019-12-13,before_promulgation
title,zakon-za-markite-i-geografskite-oznacheniya,2018,61,128655,Народно събрание,Закон за изменение и допълнение на Закона за марките и географските означения,amending,1.000,,2019-12-13,before_promulgation
title,zakon-za-merkite-sreshtu-izpiraneto-na-pari,2003,31,103944,Народно събрание,Закон за изменение и допълнение на Закона за мерките срещу изпирането на пари,amending,1.000,,2018-03-27,before_promulgation
title,zakon-za-merkite-sreshtu-izpiraneto-na-pari,2006,54,2140,Народно събрание,Закон за изменение и допълнение на Закона за мерките срещу изпирането на пари,amending,1.000,,2018-03-27,before_promulgation
title,zakon-za-merkite-sreshtu-izpiraneto-na-pari,2007,92,4395,Народно събрание,Закон за изменение и допълнение на Закона за мерките срещу изпирането на пари,amending,1.000,,2018-03-27,before_promulgation
title,zakon-za-merkite-sreshtu-izpiraneto-na-pari,2008,36,5034,Народно събрание,Закон за изменение и допълнение на Закона за мерките срещу изпирането на пари,amending,1.000,,2018-03-27,before_promulgation
title,zakon-za-merkite-sreshtu-izpiraneto-na-pari,2009,22,17377,Народно събрание,Закон за изменение на Закона за мерките срещу изпирането на пари,amending,1.000,,2018-03-27,before_promulgation
title,zakon-za-merkite-sreshtu-izpiraneto-na-pari,2012,102,71277,Народно събрание,Закон за изменение и допълнение на Закона за мерките срещу изпирането на пари,amending,1.000,,2018-03-27,before_promulgation
title,zakon-za-ministerstvoto-na-vatreshnite-raboti,2003,17,101585,Народно събрание,Закон за изменение и допълнение на Закона за Министерството на вътрешните работи,amending,1.000,,2014-06-27,before_promulgation
title,zakon-za-ministerstvoto-na-vatreshnite-raboti,2003,103,123264,Народно събрание,Закон за изменение и допълнение на Закона за Министерството на вътрешните работи,amending,1.000,,2014-06-27,before_promulgation
title,zakon-za-ministerstvoto-na-vatreshnite-raboti,2005,11,14795,Народно събрание,Закон за изменение и допълнение на Закона за Министерството на вътрешните работи,amending,1.000,,2014-06-27,before_promulgation
title,zakon-za-ministerstvoto-na-vatreshnite-raboti,2006,17,1458,Народно събрание,Закон за Министерството на вътрешните работи,promulgation,1.000,,2014-06-27,before_promulgation
title,zakon-za-ministerstvoto-na-vatreshnite-raboti,2007,31,3512,Народно събрание,Закон за изменение на Закона за Министерството на вътрешните работи,amending,1.000,,2014-06-27,before_promulgation
title,zakon-za-ministerstvoto-na-vatreshnite-raboti,2008,28,4934,Народно събрание,Закон за изменение на Закона за Министерството на вътрешните работи,amending,1.000,,2014-06-27,before_promulgation
title,zakon-za-ministerstvoto-na-vatreshnite-raboti,2008,69,7316,Народно събрание,Закон за изменение и допълнение на Закона за Министерството на вътрешните работи,amending,1.000,,2014-06-27,before_promulgation
title,zakon-za-ministerstvoto-na-vatreshnite-raboti,2009,93,26935,Народно събрание,Закон за изменение и допълнение на Закона за Министерството на вътрешните работи,amending,1.000,,2014-06-27,before_promulgation
title,zakon-za-ministerstvoto-na-vatreshnite-raboti,2010,88,39254,Народно събрание,Закон за изменение и допълнение на Закона за Министерството на вътрешните работи,amending,1.000,,2014-06-27,before_promulgation
title,zakon-za-ministerstvoto-na-vatreshnite-raboti,2011,47,52197,Народно събрание,Закон за изменение и допълнение на Закона за Министерството на вътрешните работи,amending,1.000,,2014-06-27,before_promulgation
title,zakon-za-ministerstvoto-na-vatreshnite-raboti,2012,44,65184,Народно събрание,Закон за изменение и допълнение на Закона за Министерството на вътрешните работи,amending,1.000,,2014-06-27,before_promulgation
title,zakon-za-obshtestvenite-porachki,2004,28,21302,Народно събрание,Закон за обществените поръчки,promulgation,1.000,,2016-02-16,before_promulgation
title,zakon-za-obshtestvenite-porachki,2006,37,1832,Народно събрание,Закон за изменение и допълнение на Закона за обществените поръчки,amending,1.000,,2016-02-16,before_promulgation
title,zakon-za-obshtestvenite-porachki,2008,94,10182,Народно събрание,Закон за изменение и допълнение на Закона за обществените поръчки,amending,1.000,,2016-02-16,before_promulgation
title,zakon-za-obshtestvenite-porachki,2009,24,17810,Народно събрание,Закон за изменение и допълнение на Закона за обществените поръчки,amending,1.000,,2016-02-16,before_promulgation
title,zakon-za-obshtestvenite-porachki,2010,52,34386,Народно събрание,Закон за изменение и допълнение на Закона за обществените поръчки,amending,1.000,,2016-02-16,before_promulgation
title,zakon-za-obshtestvenite-porachki,2011,93,58632,Народно събрание,Закон за изменение и допълнение на Закона за обществените поръчки,amending,1.000,,2016-02-16,before_promulgation
title,zakon-za-obshtestvenite-porachki,2012,33,63707,Народно събрание,Закон за изменение и допълнение на Закона за обществените поръчки,amending,1.000,,2016-02-16,before_promulgation
title,zakon-za-obshtestvenite-porachki,2015,8,91534,Народно събрание,Закон за допълнение на Закона за обществените поръчки,amending,1.000,,2016-02-16,before_promulgation
title,zakon-za-obshtestvenite-porachki,2015,79,97812,Народно събрание,Закон за изменение и допълнение на Закона за обществените поръчки,amending,1.000,,2016-02-16,before_promulgation
title,zakon-za-otbranata-i-vaorazhenite-sili-na-republika-balgariya,2004,93,18564,Народно събрание,Закон за изменение и допълнение на Закона за отбраната и въоръжените сили на Република България,amending,1.000,,2009-05-12,before_promulgation
title,zakon-za-otbranata-i-vaorazhenite-sili-na-republika-balgariya,2006,56,2178,Народно събрание,Закон за изменение и допълнение на Закона за отбраната и въоръжените сили на Република България,amending,1.000,,2009-05-12,before_promulgation
title,zakon-za-otbranata-i-vaorazhenite-sili-na-republika-balgariya,2007,46,3789,Народно събрание,Закон за изменение и допълнение на Закона за отбраната и въоръжените сили на Република България,amending,1.000,,2009-05-12,before_promulgation
title,zakon-za-otbranata-i-vaorazhenite-sili-na-republika-balgariya,2007,89,4375,Народно събрание,Закон за изменение на Закона за отбраната и въоръжените сили на Република България,amending,1.000,,2009-05-12,before_promulgation
title,zakon-za-pazarite-na-finansovi-instrumenti,2007,52,3873,Народно събрание,Закон за пазарите на финансови инструменти,promulgation,1.000,,2018-02-16,before_promulgation
title,zakon-za-pazarite-na-finansovi-instrumenti,2015,34,94242,Народно събрание,Закон за изменение и допълнение на Закона за пазарите на финансови инструменти,amending,1.000,,2018-02-16,before_promulgation
title,zakon-za-platezhnite-uslugi-i-platezhnite-sistemi,2009,23,17520,Народно събрание,Закон за платежните услуги и платежните системи,promulgation,1.000,,2018-03-06,before_promulgation
title,zakon-za-platezhnite-uslugi-i-platezhnite-sistemi,2010,101,42157,Народно събрание,Закон за изменение и допълнение на Закона за платежните услуги и платежните системи,amending,1.000,,2018-03-06,before_promulgation
title,zakon-za-politicheskite-partii,2003,103,123265,Народно събрание,Закон за изменение и допълнение на Закона за политическите партии,amending,1.000,,2005-04-01,before_promulgation
title,zakon-za-potrebitelskiya-kredit,2006,53,2125,Народно събрание,Закон за потребителския кредит,promulgation,1.000,,2010-03-05,before_promulgation
title,zakon-za-potrebitelskiya-kredit,2008,110,13764,Народно събрание,Закон за изменение и допълнение на Закона за потребителския кредит,amending,1.000,,2010-03-05,before_promulgation
title,zakon-za-regionalnoto-razvitie,2004,14,21623,Народно събрание,Закон за регионалното развитие,promulgation,1.000,,2008-05-30,before_promulgation
title,zakon-za-regionalnoto-razvitie,2005,32,15184,Народно събрание,Закон за изменение и допълнение на Закона за регионалното развитие,amending,1.000,,2008-05-30,before_promulgation
title,zakon-za-sadebnata-vlast,2003,61,109094,Народно събрание,Закон за изменение и допълнение на Закона за съдебната власт,amending,1.000,,2007-08-07,before_promulgation
title,zakon-za-sadebnata-vlast,2004,29,21291,Народно събрание,Закон за изменение и допълнение на Закона за съдебната власт,amending,1.000,,2007-08-07,before_promulgation
title,zakon-za-sadebnata-vlast,2006,39,1864,Народно събрание,Закон за изменение и допълнение на Закона за съдебната власт,amending,1.000,,2007-08-07,before_promulgation
title,zakon-za-schetovodstvoto,2004,96,18467,Народно събрание,Закон за изменение и допълнение на Закона за счетоводството,amending,1.000,,2015-12-08,before_promulgation
title,zakon-za-schetovodstvoto,2008,69,7280,Народно събрание,Закон за изменение и допълнение на Закона за счетоводството,amending,1.000,,2015-12-08,before_promulgation
title,zakon-za-schetovodstvoto,2013,100,80328,Народно събрание,Закон за допълнение на Закона за счетоводството,amending,1.000,,2015-12-08,before_promulgation
title,zakon-za-smetnata-palata,2004,38,21038,Народно събрание,Закон за изменение и допълнение на Закона за Сметната палата,amending,1.000,,2015-02-13,before_promulgation
title,zakon-za-smetnata-palata,2010,98,41666,Народно събрание,Закон за Сметната палата,promulgation,1.000,,2015-02-13,before_promulgation
title,zakon-za-smetnata-palata,2014,35,84446,Народно събрание,Закон за Сметната палата,promulgation,1.000,,2015-02-13,before_promulgation
title,zakon-za-turizma,2005,28,15119,Народно събрание,Закон за изменение и допълнение на Закона за туризма,amending,1.000,,2013-03-26,before_promulgation
title,zakon-za-turizma,2005,94,1068,Народно събрание,Закон за изменение и допълнение на Закона за туризма,amending,1.000,,2013-03-26,before_promulgation
title,zakon-za-turizma,2007,42,3706,Народно събрание,Закон за изменение и допълнение на Закона за туризма,amending,1.000,,2013-03-26,before_promulgation
title,zakon-za-turizma,2008,31,4979,Народно събрание,Закон за изменение и допълнение на Закона за туризма,amending,1.000,,2013-03-26,before_promulgation
title,zakon-za-turizma,2009,82,25884,Народно събрание,Закон за изменение на Закона за туризма,amending,1.000,,2013-03-26,before_promulgation
title,zakon-za-upravlenie-na-otpadatsite,2003,86,118712,Народно събрание,Закон за управление на отпадъците,promulgation,1.000,,2012-07-13,before_promulgation
title,zakon-za-upravlenie-na-otpadatsite,2010,41,33215,Народно събрание,Закон за изменение и допълнение на Закона за управление на отпадъците,amending,1.000,,2012-07-13,before_promulgation
title,zakon-za-upravlenie-na-otpadatsite,2010,63,35522,Народно събрание,Закон за изменение на Закона за управление на отпадъците,amending,1.000,,2012-07-13,before_promulgation
title,zakon-za-upravlenie-na-otpadatsite,2011,30,47856,Народно събрание,Закон за изменение и допълнение на Закона за управление на отпадъците,amending,1.000,,2012-07-13,before_promulgation
title,zakon-za-veterinarnomeditsinskata-deynost,2003,83,117518,Народно събрание,Закон за изменение и допълнение на Закона за ветеринарномедицинската дейност,amending,1.000,,2005-11-01,before_promulgation
title,zakon-za-vinoto-i-spirtnite-napitki,2004,16,21575,Народно събрание,Закон за изменение и допълнение на Закона за виното и спиртните напитки,amending,1.000,,2012-06-15,before_promulgation
title,zakon-za-vinoto-i-spirtnite-napitki,2006,51,2098,Народно събрание,Закон за изменение и допълнение на Закона за виното и спиртните напитки,amending,1.000,,2012-06-15,before_promulgation
title,zakon-za-zashtita-na-konkurentsiyata,2003,9,100330,Народно събрание,Закон за изменение и допълнение на Закона за защита на конкуренцията,amending,1.000,,2008-11-28,before_promulgation
title,zakon-za-zashtita-na-rasteniyata,2011,28,47506,Народно събрание,Закон за изменение и допълнение на Закона за защита на растенията,amending,1.000,,2014-07-25,before_promulgation
